"Original","NewName","Class","SHA256"
"WhatsApp Image 2026-09-29 at 7.37.24 PM (1).jpeg","pulgar_arriba_0001.jpeg","pulgar_arriba","E7E5E7B806492CA287AB1048C5274BB0A44D15343E64CCAEC8F1304C6B267322"
"WhatsApp Image 2026-09-29 at 7.37.24 PM (2).jpeg","pulgar_arriba_0002.jpeg","pulgar_arriba","3E3B059604E5BEB93723F867F86AB930C557F37C723A9BCDAD6B7E9AF0D70A4E"
"WhatsApp Image 2026-09-29 at 7.37.24 PM (3).jpeg","pulgar_arriba_0003.jpeg","pulgar_arriba","A344A8C905275ED239E9F80386511FA32AFD3DC8174D4CDE33470D631EE5D2C8"
"WhatsApp Image 2026-09-29 at 7.37.24 PM.jpeg","pulgar_arriba_0004.jpeg","pulgar_arriba","825A483A714AC21E7F020A52E96A6D6A6417FD32975AB5CAD2711DEFE47278EA"
"WhatsApp Image 2026-09-29 at 7.37.25 PM (1).jpeg","pulgar_arriba_0005.jpeg","pulgar_arriba","71DDA3E9062BFA74A55827C0BC24AF585B1E740505F991D6CC0107BC7321AFDE"
"WhatsApp Image 2026-09-29 at 7.37.25 PM.jpeg","pulgar_arriba_0006.jpeg","pulgar_arriba","C0E986FBB723FE55BB555B8760A1CEB0213EB4EEF833749A471478304351E023"
"WhatsApp Image 2026-09-29 at 7.37.26 PM.jpeg","pulgar_arriba_0007.jpeg","pulgar_arriba","959ED3AEF4E0181274DC1B5B159F58B83C3481FF7A97930B6DFDDE718EF5CE69"
"WhatsApp Image 2026-09-29 at 7.37.27 PM.jpeg","pulgar_arriba_0008.jpeg","pulgar_arriba","4094554D672C2EC068A93021911A3EE32321E948CA873D5FFDDEEC836E8530A2"
"WhatsApp Image 2026-09-29 at 7.37.28 PM (1).jpeg","pulgar_arriba_0009.jpeg","pulgar_arriba","BA8BDB7AA840820EB6E6566EA65C8EDBEC4C231991E2D2C35DB32544C5B107F5"
"WhatsApp Image 2026-09-29 at 7.37.28 PM (2).jpeg","pulgar_arriba_0010.jpeg","pulgar_arriba","6A5F23A0254E693D620DBC8774EE3999C3E0A372729991ADB6C464D2CF9E724F"
"WhatsApp Image 2026-09-29 at 7.37.28 PM (3).jpeg","pulgar_arriba_0011.jpeg","pulgar_arriba","0962BC26CE1490620DBB08057C370A06A8E8C88617C3130EEC55795AAE634F8B"
"WhatsApp Image 2026-09-29 at 7.37.28 PM.jpeg","pulgar_arriba_0012.jpeg","pulgar_arriba","8ABC674EE54D734EC67B2F7965D356B19F4A2E73A2A4CE4E55EA4ED1E546E2BA"
"WhatsApp Image 2026-09-29 at 7.37.29 PM (1).jpeg","otros_0013.jpeg","otros","3D0E473826BD82A80FAD98F2177E2243FEC996FCC35E105902158E346C684E8B"
"WhatsApp Image 2026-09-29 at 7.37.29 PM (2).jpeg","paz_0014.jpeg","paz","D7A8E36A88869F8C1EDF89DCB841B364207C8067711DDA5051BC0B84713A6894"
"WhatsApp Image 2026-09-29 at 7.37.29 PM.jpeg","paz_0015.jpeg","paz","3F20EE6EA94F651E378DB8601E73D0CBF26160BF6F5738F89D5241F521E848EC"
"WhatsApp Image 2026-09-29 at 7.37.30 PM (1).jpeg","paz_0016.jpeg","paz","2A197E7F9D953500B597AB7D4ACB872FEC2989E43507D32860DF231A427D4E4F"
"WhatsApp Image 2026-09-29 at 7.37.30 PM.jpeg","paz_0017.jpeg","paz","2F057A779E519306A913E1C13D20DAA937C0414D3C55889A5BFC4B5E332BA102"
"WhatsApp Image 2026-09-29 at 7.37.31 PM (1).jpeg","paz_0018.jpeg","paz","0931497C767C01942C8D7B0A3FB467D5FFBDB82B1DFA076F02402994047631A8"
"WhatsApp Image 2026-09-29 at 7.37.31 PM (2).jpeg","ok_0019.jpeg","ok","3ED94F85B47A10657A1885DA4B8F99B631228E59D84157C003073C19FD0D9BAB"
"WhatsApp Image 2026-09-29 at 7.37.31 PM.jpeg","ok_0020.jpeg","ok","297CD22AE5A8D7D53CBD77B26D7097405906CF5434F656B07FD36E133C8DBADC"
"WhatsApp Image 2026-09-29 at 7.37.32 PM (1).jpeg","ok_0021.jpeg","ok","FF012FEC6178168D1F9AA57BEB6507D2CB5C206DF8CE429BA337CF7CCF615C27"
"WhatsApp Image 2026-09-29 at 7.37.32 PM.jpeg","ok_0022.jpeg","ok","47CBD2A48E13818560C9F63D8EAAC39EADEE98553B5197531AB1FDAD89F5F098"
"WhatsApp Image 2026-09-29 at 7.37.33 PM (1).jpeg","ok_0023.jpeg","ok","0C0E9136B5E16691AB3CE0990B6C396E0594E25A54DE40667AA281D42F55FBB1"
"WhatsApp Image 2026-09-29 at 7.37.33 PM.jpeg","ok_0024.jpeg","ok","8028AEDC54B9FDA47227240C19F758ACFA32D000379E44C6F6879224643D5C2B"
"WhatsApp Image 2026-09-29 at 7.37.37 PM.jpeg","ok_0025.jpeg","ok","B6F8C679E39AF41E598679F6C133B2A1366D5D0A1166216FC645911E36FC2481"
"WhatsApp Image 2026-09-29 at 7.37.39 PM (1).jpeg","ok_0026.jpeg","ok","5A599A31B96A17C72DE8152A8E53B3DB273E49B8B7695639866F950D1C63B6EC"
"WhatsApp Image 2026-09-29 at 7.37.39 PM.jpeg","ok_0027.jpeg","ok","F0744398D11638954CB71D8FCC819B194CBFB6D58B4A6245D7A6990C9535319F"
"WhatsApp Image 2026-09-29 at 7.37.40 PM (1).jpeg","ok_0028.jpeg","ok","ED8853CFB2ACC9AED2ECD6ABBEDBC47172CA4F9425AB82F565C47253BDC1E0FA"
"WhatsApp Image 2026-09-29 at 7.37.40 PM.jpeg","ok_0029.jpeg","ok","E86450F506752B36E634E704D5F50EAB5706465E611C1C6A41E97F56AA4A9B03"
"WhatsApp Image 2026-09-29 at 7.37.41 PM.jpeg","ok_0030.jpeg","ok","56840B8F2B937FDA6CFA86B4FBEFCAF34BFB92C6A560AAA2F0D7F9F0DD48A1B3"
"WhatsApp Image 2026-09-29 at 7.37.42 PM.jpeg","ok_0031.jpeg","ok","8B29BDB1F16C61A1F42CC084C06B62193D8D248AFC11B6049E0FC96DD7E90F49"
"WhatsApp Image 2026-09-29 at 7.40.15 PM.jpeg","ok_0032.jpeg","ok","22AD1A4FEFC689F1C5349C95A5BB88622C86002002D992216DC85EBF8AAEFD82"
"WhatsApp Image 2026-09-29 at 7.40.16 PM (1).jpeg","stop_0033.jpeg","stop","70612A5F284E578AC8CAB17FCEA69E5E8C96018069FF275DC0C0C1F91F444CD3"
"WhatsApp Image 2026-09-29 at 7.40.16 PM (2).jpeg","ok_0034.jpeg","ok","5C413FC4565B635ACDAEE3B4830CD90E2E2B90B8B370775FD6D5825506F92015"
"WhatsApp Image 2026-09-29 at 7.40.16 PM.jpeg","stop_0035.jpeg","stop","371A0FD75F27C701D6949D9DE9CBD492DEACB84316321A80FA97F3EC78D2213E"
"WhatsApp Image 2026-09-29 at 7.40.17 PM (1).jpeg","stop_0036.jpeg","stop","7DCB07074C1422FD6ACFE0F0098C2BA0C199738C8E979463F17D05ACB8282F10"
"WhatsApp Image 2026-09-29 at 7.40.17 PM.jpeg","stop_0037.jpeg","stop","AB7DCA9378B20674588D0899DB4036DFB6E38789B11AB830FAB5AF6B430A0B17"
"WhatsApp Image 2026-09-29 at 7.40.18 PM (1).jpeg","stop_0038.jpeg","stop","BCF2772FA4787D1C255E9316C408FA78162C25C13805C06036DC827208F24FD4"
"WhatsApp Image 2026-09-29 at 7.40.18 PM (2).jpeg","stop_0039.jpeg","stop","9C36562952D51290BDF81EFC2E530317EDF8F29F7E225C715DB6E58E8F7319A9"
"WhatsApp Image 2026-09-29 at 7.40.18 PM.jpeg","stop_0040.jpeg","stop","86F448AE634B579C05B3348050CFD5A768A0DA8B54C672C69EFB5D9F7577414D"
"WhatsApp Image 2026-09-29 at 7.40.19 PM (1).jpeg","paz_0041.jpeg","paz","47718D5C057D08F3AEAE48178271A065E9372E3A3413EE3B0BC8B603ED390285"
"WhatsApp Image 2026-09-29 at 7.40.19 PM (2).jpeg","paz_0042.jpeg","paz","9F1223722FE65E769544E8351D01FEB2178A3C19681834013F2196584CDB9FDF"
"WhatsApp Image 2026-09-29 at 7.40.19 PM.jpeg","paz_0043.jpeg","paz","6376E91695CAF0EFA3529E5FA1B6B63AE18E24934B41AAF9E93DA0E1B0554D11"
"WhatsApp Image 2026-09-29 at 7.40.20 PM.jpeg","paz_0044.jpeg","paz","291898226C4A2BE7D3C02B507622AAB031CF959945680D7640E4E4E5A034D484"
"WhatsApp Image 2026-09-29 at 7.40.21 PM (1).jpeg","pulgar_arriba_0045.jpeg","pulgar_arriba","9B9157E1CC4B0A28A7F145AF9521A58D61DBF961A81E0B308B62F2B4DD5D59FE"
"WhatsApp Image 2026-09-29 at 7.40.21 PM.jpeg","pulgar_arriba_0046.jpeg","pulgar_arriba","B46383D0C9EDFA246FE0E70E2AC512318C2F7A68214A94534EFCC0E2E8EC525C"
"WhatsApp Image 2026-09-29 at 7.40.22 PM.jpeg","pulgar_arriba_0047.jpeg","pulgar_arriba","8BDA2F67236E1377F594019172719DE3ED83B82C143A13B34017F4A2BB8ABF3D"
"WhatsApp Image 2026-09-29 at 7.40.46 PM.jpeg","pulgar_arriba_0048.jpeg","pulgar_arriba","853D4F7328039AF405E100268CDE05AB39F033A2C3329D8A62C4390165453030"
"WhatsApp Image 2026-09-29 at 7.40.47 PM (1).jpeg","pulgar_arriba_0049.jpeg","pulgar_arriba","5B2D09B93473D28E458323D7673907EDCD5264E72E01176C2BCE25A8353A3415"
"WhatsApp Image 2026-09-29 at 7.40.47 PM (2).jpeg","pulgar_arriba_0050.jpeg","pulgar_arriba","DC0E74C0353E6AF4AE86B3A37D82462F1E2FEE9E19FFFFD59F887D8CB00947CD"
"WhatsApp Image 2026-09-29 at 7.40.47 PM (3).jpeg","pulgar_arriba_0051.jpeg","pulgar_arriba","4D45D778203C6B42CB9FE8E19A96C6A577AEE372DAE8303106B7D4F12830989A"
"WhatsApp Image 2026-09-29 at 7.40.47 PM.jpeg","pulgar_arriba_0052.jpeg","pulgar_arriba","28601B7E98F81071170179532A010AB8D19308F47F44EA6B51DAEBE637C4A3CF"
"WhatsApp Image 2026-09-29 at 7.40.48 PM (1).jpeg","pulgar_arriba_0053.jpeg","pulgar_arriba","49B7CF30DE07A81CDFFA0E7D15DFDD368872A326D6379F95CB973A07182306B0"
"WhatsApp Image 2026-09-29 at 7.40.48 PM.jpeg","pulgar_arriba_0054.jpeg","pulgar_arriba","3784F67D4CF29ED310383C3B099B35D9A60ED457084C4C4E1746E6B41D84FE98"
"WhatsApp Image 2026-09-29 at 7.40.49 PM (1).jpeg","ok_0055.jpeg","ok","EB553DC06C6921EBBD8A67E8E9F8C327C7A0CFB8647016D5F0C43BFAE1193B34"
"WhatsApp Image 2026-09-29 at 7.40.49 PM (2).jpeg","ok_0056.jpeg","ok","512E6F85916BEE3E19D809F98B2F0C0E0928144A65A2543A07B7EC21EE766865"
"WhatsApp Image 2026-09-29 at 7.40.49 PM (3).jpeg","ok_0057.jpeg","ok","0AE3FB252FEC9CA6BB699F2CCBAC26C48893FBA7DC0136BB53E7F655ABADB046"
"WhatsApp Image 2026-09-29 at 7.40.49 PM.jpeg","ok_0058.jpeg","ok","C6146A035B2FC2AE31A701447FAB3F3CE548B98D782DFB659C7370688AAD906D"
"WhatsApp Image 2026-09-29 at 7.40.50 PM (1).jpeg","ok_0059.jpeg","ok","16FFDA3F449349DB41D7082A3C7B958EDE713597915677B47B68B2B2C8D002EF"
"WhatsApp Image 2026-09-29 at 7.40.50 PM (2).jpeg","ok_0060.jpeg","ok","4C60002E43BCD2B51B36A9EEC39F9855A5BDB49F9ED531BDEEB7AF990B6923C9"
"WhatsApp Image 2026-09-29 at 7.40.50 PM (3).jpeg","ok_0061.jpeg","ok","493D6673D91442A4B2C281859B96C443CB23662C5BEFB57B647FA3ABC3051719"
"WhatsApp Image 2026-09-29 at 7.40.50 PM.jpeg","stop_0062.jpeg","stop","C3956CBA43B07BF67BA992780FFC8433E3D94A548DCBE9E8DE9A1F2E441C609C"
"WhatsApp Image 2026-09-29 at 7.40.51 PM (1).jpeg","paz_0063.jpeg","paz","78B9BA4ECAE66147149586A59F19E82E085E7190B0E0738EF266339F46D9825B"
"WhatsApp Image 2026-09-29 at 7.40.51 PM (2).jpeg","stop_0064.jpeg","stop","5B69E803F36B612B9B1D564571953C024DAAB9C3399CAE8FE68395EF1D1FCC57"
"WhatsApp Image 2026-09-29 at 7.40.51 PM (3).jpeg","stop_0065.jpeg","stop","11985BF88C3A2FB0C85919C52CA1201B70AF9932139306749382DF505BDCEB83"
"WhatsApp Image 2026-09-29 at 7.40.51 PM.jpeg","paz_0066.jpeg","paz","C5FBB320164DC43B9D5CEBF8EDD8C1AF6EA4A4B4C6A45BED5E9BF0A2E0BE0E78"
"WhatsApp Image 2026-09-29 at 7.40.52 PM (1).jpeg","pulgar_arriba_0067.jpeg","pulgar_arriba","6A55A7E5FA3B4515EC9EB7C5028E31A3512740E55CA8222C4D1797A8404DFE8A"
"WhatsApp Image 2026-09-29 at 7.40.52 PM (2).jpeg","pulgar_arriba_0068.jpeg","pulgar_arriba","B2B677DADE5219A7A14B649D7A63D4AC72B4A18F90AC6A87067BCB3F125444F3"
"WhatsApp Image 2026-09-29 at 7.40.52 PM (3).jpeg","pulgar_arriba_0069.jpeg","pulgar_arriba","37E41902B7FF233C0308D75D8B4DD39AA454B496507A8D35A755DF353C733545"
"WhatsApp Image 2026-09-29 at 7.40.52 PM (4).jpeg","pulgar_arriba_0070.jpeg","pulgar_arriba","3D1B414E77ADFC1B6FE728A963CA591D6D419C4063A6F7E996ACF0E1BC338012"
"WhatsApp Image 2026-09-29 at 7.40.52 PM.jpeg","otros_0071.jpeg","otros","861C67318804A5B65F9C1D50DEAAA613CD0EB87AE4451EBC3DAAE5378A9CF0B5"
"WhatsApp Image 2026-09-29 at 7.40.54 PM.jpeg","ok_0072.jpeg","ok","F9AE4094B2B6F2A9719CB94C410A04CC5DA461B3D61B9CF9EA2FB44BDC83F97C"
"WhatsApp Image 2026-09-29 at 7.40.55 PM (1).jpeg","ok_0073.jpeg","ok","76756DA57A14297ED81CE38AC7423343A67F6226DC68E1EAA7272267CF60DD42"
"WhatsApp Image 2026-09-29 at 7.40.55 PM (2).jpeg","ok_0074.jpeg","ok","D7C5C4815E111F611D73AFC4F49F177A512E1BB1B775F05B0162DA05AA00563D"
"WhatsApp Image 2026-09-29 at 7.40.55 PM.jpeg","ok_0075.jpeg","ok","6303C7746AB84CE34B7B28C499249C9215C615ACA8ADD6F60288C5A67D85B304"
"WhatsApp Image 2026-09-29 at 7.40.56 PM (1).jpeg","ok_0076.jpeg","ok","405F9BB3AC13DF0767D56C23D180E55D42F2FAFE7DC5EC4291EB4EEEC7092AD1"
"WhatsApp Image 2026-09-29 at 7.40.56 PM (2).jpeg","ok_0077.jpeg","ok","23682A8D63033181F1468984F77D274555091428E6148E9DD56E3ADF3C968743"
"WhatsApp Image 2026-09-29 at 7.40.56 PM.jpeg","ok_0078.jpeg","ok","DD92C9F7871B046B68ED650A0EADE825339A64AD77FC99A25DCCEAE0471E84DA"
"WhatsApp Image 2026-09-29 at 7.40.57 PM (1).jpeg","stop_0079.jpeg","stop","FF1C340CEECF56534F76A1DC28E23A0498C74474007B3B640FC0E4369520C7E3"
"WhatsApp Image 2026-09-29 at 7.40.57 PM (2).jpeg","stop_0080.jpeg","stop","E40191931BC656B47EE0F3588BD843F6C349BF64CB5347B0C0EA3029752663B1"
"WhatsApp Image 2026-09-29 at 7.40.57 PM (3).jpeg","ok_0081.jpeg","ok","65784EC0032271BAA20D6B9230B5D43D61FDA62B7618A277087CBC44C0271397"
"WhatsApp Image 2026-09-29 at 7.40.57 PM.jpeg","stop_0082.jpeg","stop","2B414E2C443C60924A85D708E76EDCDE2B26064B1D66968881142F926D048189"
"WhatsApp Image 2026-09-29 at 7.40.58 PM (1).jpeg","paz_0083.jpeg","paz","DD82276A8C55916431AEDE3C9BFE44E0158E349CC6945813E0119CF3E7696A9C"
"WhatsApp Image 2026-09-29 at 7.40.58 PM (2).jpeg","paz_0084.jpeg","paz","46FC3353A07740BC61D5D3BE38B38286AED995ECF4EE1424D87BBED08A77A0C4"
"WhatsApp Image 2026-09-29 at 7.40.58 PM (3).jpeg","stop_0085.jpeg","stop","0281B1E6E6D5A32E6326459123839F38B314B6E544C17AC3100008758154F3EB"
"WhatsApp Image 2026-09-29 at 7.40.58 PM (4).jpeg","stop_0086.jpeg","stop","4B9F6E2ECB717DC853A37F3649285C664238B1EE86186BFA9EF571FC2AC735E5"
"WhatsApp Image 2026-09-29 at 7.40.58 PM.jpeg","paz_0087.jpeg","paz","509180409259D42562997FBF33F2910276AB36DB8052D5E4C1034DF44B96873E"
"WhatsApp Image 2026-09-29 at 7.40.59 PM (1).jpeg","paz_0088.jpeg","paz","F9C78B2D583A5371A710F178C3604EFA384C43183E4C19419E50B9B6F1084499"
"WhatsApp Image 2026-09-29 at 7.40.59 PM (2).jpeg","paz_0089.jpeg","paz","3D444544EEB924B55D70863F78AF7BEF4F0F9F8303D2A9DBF2507050F5C08F97"
"WhatsApp Image 2026-09-29 at 7.40.59 PM (3).jpeg","paz_0090.jpeg","paz","FB07904263FF357C3CB6CF7241DCC06A5F194BA7B30CE4593E797BD155DC9A6A"
"WhatsApp Image 2026-09-29 at 7.40.59 PM.jpeg","pulgar_arriba_0091.jpeg","pulgar_arriba","7BD4ACE78A080631EE39E6688BADD5A525E883549EA0A5D3E4B5D13C82B24BC9"
"WhatsApp Image 2026-09-29 at 7.41.00 PM (1).jpeg","pulgar_arriba_0092.jpeg","pulgar_arriba","E151C72300BC3D882CBD0611266111A1F94F87C1DA4827604298B5A0091E7D14"
"WhatsApp Image 2026-09-29 at 7.41.00 PM (2).jpeg","pulgar_arriba_0093.jpeg","pulgar_arriba","BE02B0CF3BAAC79DB0432C91C5AE3E6A30609C3702ADCD345F2D8D46316387E0"
"WhatsApp Image 2026-09-29 at 7.41.00 PM.jpeg","pulgar_arriba_0094.jpeg","pulgar_arriba","7E644C6027FE6AC004AF9259127B3DF8E35582A9E03ED8672A3A5E66E0AFDE8B"
"WhatsApp Image 2026-09-30 at 9.23.39 PM (1).jpeg","ok_0095.jpeg","ok","FAFD47166EC9ED4036FF3807DC5B2DCC4482D8A1A5DAEA28D0D79C1CEF847E93"
"WhatsApp Image 2026-09-30 at 9.23.39 PM (2).jpeg","ok_0096.jpeg","ok","F46ADF36FD9A1E6F144529B9DC98275DEDA5BD4200A355844F65FDC053DE6705"
"WhatsApp Image 2026-09-30 at 9.23.39 PM (3).jpeg","pulgar_arriba_0097.jpeg","pulgar_arriba","C49F49B0B05787BC400CB19C55781DEFBC97827264EBE6181569C9908AC86D33"
"WhatsApp Image 2026-09-30 at 9.23.39 PM.jpeg","ok_0098.jpeg","ok","D0914511DE4B809BB1DD22C236D68D34B28F5B1DBCE673ACDD3E0B1F7D378BCD"
"WhatsApp Image 2026-09-30 at 9.23.40 PM (1).jpeg","paz_0099.jpeg","paz","0EDDAD5418EA3AE8AF10E0674CDF483FD96CDDA1DA9F5091A26C77FF513A6EF5"
"WhatsApp Image 2026-09-30 at 9.23.40 PM (2).jpeg","pulgar_arriba_0100.jpeg","pulgar_arriba","B23D703CFD5135A474DDDCD76E9113BD6ACE984CC2DB3C4360B2F91A454707EE"
"WhatsApp Image 2026-09-30 at 9.23.40 PM (3).jpeg","paz_0101.jpeg","paz","24E3FA6B39B8F6F74089E4629CC9AEB78726A038466C0EC7E30A2D1F1AAA0E14"
"WhatsApp Image 2026-09-30 at 9.23.40 PM.jpeg","paz_0102.jpeg","paz","CD3E1E04715EB84E80339E6D98BE7ABDDBB7CD065D74EE85712EECB9867B79A0"
"WhatsApp Image 2026-09-30 at 9.23.41 PM (1).jpeg","stop_0103.jpeg","stop","D484BC5A1AC9B42586C8A58FE167579B9AD1716C51FD41BA28596A1F5663190D"
"WhatsApp Image 2026-09-30 at 9.23.41 PM (2).jpeg","pulgar_arriba_0104.jpeg","pulgar_arriba","841A742E1709F730AE343E35C72888F85B8DA69A20121DBA1A2D7FC1599C8F42"
"WhatsApp Image 2026-09-30 at 9.23.41 PM (3).jpeg","otros_0105.jpeg","otros","70B5B51932D91934BEC4A5C1B2FEEABBCE92E6A0F715BE43A36882BE714D2EBB"
"WhatsApp Image 2026-09-30 at 9.23.41 PM.jpeg","paz_0106.jpeg","paz","EB7A34BCE63A1625CE935FBE479578A6E59F4FB28CED6540370F9ECF72728668"
"WhatsApp Image 2026-09-30 at 9.23.42 PM (1).jpeg","paz_0107.jpeg","paz","8927E13E1AE24BD1D137970F9EB274B6A382285709D0EEFD9CC955EC725B3667"
"WhatsApp Image 2026-09-30 at 9.23.42 PM (2).jpeg","stop_0108.jpeg","stop","27C5E68F3578E5E59C2288F97F9D6B4085D9D7F99647A63F7CB336E5F3086384"
"WhatsApp Image 2026-09-30 at 9.23.42 PM (3).jpeg","otros_0109.jpeg","otros","82A1ACCC4D75A51EC73F46BADEF63B65FF82BEBADB6419F886B4FEA928ACD9F0"
"WhatsApp Image 2026-09-30 at 9.23.42 PM (4).jpeg","stop_0110.jpeg","stop","1D9AFF7D5169FDE6794473F5710E854B27C917587A5F42A9BBFAA62C94E84828"
"WhatsApp Image 2026-09-30 at 9.23.42 PM.jpeg","stop_0111.jpeg","stop","084B400004989078D4CC543B18B80985B8C09117DF44302E8609EE9C5FAF20C9"
"WhatsApp Image 2026-09-30 at 9.23.43 PM (1).jpeg","ok_0112.jpeg","ok","63ABDF2200B1A1BC026EC1C023EF160B726D331A980039560398EA7FD21C0CA2"
"WhatsApp Image 2026-09-30 at 9.23.43 PM (2).jpeg","ok_0113.jpeg","ok","5D0893C72FD92E454E172D0252E3AAF089744725BB1FC7463EB4A72DBF0DED78"
"WhatsApp Image 2026-09-30 at 9.23.43 PM.jpeg","ok_0114.jpeg","ok","709320B4228316D6AEF03AC17D4F8F65875C10653C5D19E19B5B3C03550158F2"
"WhatsApp Image 2026-09-30 at 9.23.44 PM (1).jpeg","ok_0115.jpeg","ok","12B344C286EED88B9C4F050BCBA47DE1620F39099B7FEFF1B8975E7F188C2DA0"
"WhatsApp Image 2026-09-30 at 9.23.44 PM (2).jpeg","ok_0116.jpeg","ok","202E44DC4E7E032394BE60B227F87E8695F5CDC2BB5D879FE95C6FA227536BE4"
"WhatsApp Image 2026-09-30 at 9.23.44 PM (3).jpeg","ok_0117.jpeg","ok","E1891AD7EE9FE4BBCD963B79E279B1DFAB93ADE3DD57CDD6EF33BDDF5052DCFC"
"WhatsApp Image 2026-09-30 at 9.23.44 PM (4).jpeg","ok_0118.jpeg","ok","3FDDF4F40CD6E1B54E3F631FD1E2A1C2BD91AE563AE5B0BF4F6F8B2F7AB27671"
"WhatsApp Image 2026-09-30 at 9.23.44 PM.jpeg","ok_0119.jpeg","ok","DEAD1E5AE43CBE1A8158D410E6DD705A01DAC7A474D15ECACBD1C859F76FAD70"
"WhatsApp Image 2026-09-30 at 9.23.45 PM (1).jpeg","ok_0120.jpeg","ok","B80CF6E90D0A40454881774ED2F99DA7455393E12E2CF2868713FD70600F5116"
"WhatsApp Image 2026-09-30 at 9.23.45 PM (2).jpeg","paz_0121.jpeg","paz","3A1239C8639D418ABEAE380670172FAB5489CFF73629B806E07D438BCE9CE57C"
"WhatsApp Image 2026-09-30 at 9.23.45 PM (3).jpeg","paz_0122.jpeg","paz","405207203261C7A325059B437351496626B311DD3B4718494754F57C6B9C674B"
"WhatsApp Image 2026-09-30 at 9.23.45 PM.jpeg","paz_0123.jpeg","paz","1D56E9D3E3F0ED8C174F1FC9E5C5DECB4E2177DB60D5E066C83EF4AA18153321"
"WhatsApp Image 2026-09-30 at 9.23.46 PM (1).jpeg","paz_0124.jpeg","paz","6F289C4A912B4C44A4E7746D9EBA11181640288BF6A60911562C23BC65316077"
"WhatsApp Image 2026-09-30 at 9.23.46 PM (2).jpeg","paz_0125.jpeg","paz","9CBA8AF98AD23117DF65F7CCB869924BA443F06CC1C61374CF97FF3405B946C2"
"WhatsApp Image 2026-09-30 at 9.23.46 PM.jpeg","paz_0126.jpeg","paz","8E2B813D233942C98D5C049EDBF85D2F5C86A869598190C80D51D5025B4ACE9A"
"WhatsApp Image 2026-09-30 at 9.23.47 PM (1).jpeg","pulgar_arriba_0127.jpeg","pulgar_arriba","7F0444FC43D9B2EFCA0F8CEC654D3E656D6836706140457F81B62570FB928746"
"WhatsApp Image 2026-09-30 at 9.23.47 PM (2).jpeg","pulgar_arriba_0128.jpeg","pulgar_arriba","6F0CF0E6FA9D606E30C7DD4009298FBED045B6CFF6129EED490A8A41B8C85EF6"
"WhatsApp Image 2026-09-30 at 9.23.47 PM (3).jpeg","pulgar_arriba_0129.jpeg","pulgar_arriba","C24484E34D7EEA75905B63785BBF536DC4BD6032BF23D77E6A098C2667AC99E7"
"WhatsApp Image 2026-09-30 at 9.23.47 PM.jpeg","pulgar_arriba_0130.jpeg","pulgar_arriba","36E49E3EC28C3E2EA0FD39E2192A88C11495A533C197CC08058960841A93D3FC"
"WhatsApp Image 2026-09-30 at 9.23.48 PM (1).jpeg","stop_0131.jpeg","stop","EDF34E5E5FE5B421C3D483AD65B1124DF2CE1E0E4846FF7FE0D303F0A58AF9B3"
"WhatsApp Image 2026-09-30 at 9.23.48 PM (2).jpeg","pulgar_arriba_0132.jpeg","pulgar_arriba","178A0288190925DBC7CFF695EC17290181FEE356C782F4091542A5CC3D8A7400"
"WhatsApp Image 2026-09-30 at 9.23.48 PM (3).jpeg","pulgar_arriba_0133.jpeg","pulgar_arriba","845642F92974CC7AE5AFF28B2CF7CF4088606ECB499041E590720E5907FBA693"
"WhatsApp Image 2026-09-30 at 9.23.48 PM.jpeg","stop_0134.jpeg","stop","B29F44D45FFE254EC1EA61ACBC1836C27937D8AB052313093030B89AD5E5F26C"
"WhatsApp Image 2026-09-30 at 9.23.49 PM (1).jpeg","pulgar_arriba_0135.jpeg","pulgar_arriba","3EB6E359CCD4DDE602A2A3961BE26F20221EF0F88BE9D0C623565C6DD600FAB9"
"WhatsApp Image 2026-09-30 at 9.23.49 PM (2).jpeg","stop_0136.jpeg","stop","CE8B37886E59800E7C44F87BC2CC00D0F5173A758E5761D02D2F4D6D7C4636DB"
"WhatsApp Image 2026-09-30 at 9.23.49 PM (3).jpeg","paz_0137.jpeg","paz","BF416508BC14293E267E43938152814F1D72228D7DCE84D5EFAF1310AB2C795E"
"WhatsApp Image 2026-09-30 at 9.23.49 PM (4).jpeg","stop_0138.jpeg","stop","5987CB78CC06FE7FC681E1BEAD8E32438899DF2825460C0D52E45F3292EEA7C1"
"WhatsApp Image 2026-09-30 at 9.23.49 PM.jpeg","stop_0139.jpeg","stop","7923445C5D4428901FB0306B1EE001CD91E6351A5D0A02DC5F9FDB2D6736DC6B"
"WhatsApp Image 2026-09-30 at 9.23.50 PM (1).jpeg","paz_0140.jpeg","paz","86BD333CAF66E60FDB05CF34FF3144FA2DE56A7120BE93713138E9E93A21E7C0"
"WhatsApp Image 2026-09-30 at 9.23.50 PM (2).jpeg","stop_0141.jpeg","stop","EDD53CDC202BDE28D34B34EEECA4DE870FAE7D2F225B8D1342B3E6E07C400CDA"
"WhatsApp Image 2026-09-30 at 9.23.50 PM (3).jpeg","paz_0142.jpeg","paz","C79CB3E45F491BC5102C4E61D4F4C4541117FF007C38EF0B26796BAE82D7E495"
"WhatsApp Image 2026-09-30 at 9.23.50 PM.jpeg","stop_0143.jpeg","stop","8F7687A22F9864D6E3F43A3F1DBD0BE0BF677F312B36C7EA2AB307B83895B7D0"
"WhatsApp Image 2026-09-30 at 9.23.51 PM (1).jpeg","paz_0144.jpeg","paz","DF189D1BF508645F4F7499C6CAA4428FC1766452BBFAF93D7EFD192F2D0DF8E3"
"WhatsApp Image 2026-09-30 at 9.23.51 PM (2).jpeg","stop_0145.jpeg","stop","85F5455ED507943F6A263C9669B48690B5DC770D43A8849F5C6074020A46C9A5"
"WhatsApp Image 2026-09-30 at 9.23.51 PM (3).jpeg","pulgar_arriba_0146.jpeg","pulgar_arriba","536805B6668D5DF71416EF0C7F885A2F6FBB6559B41BAD5244097BA4BA2DEAAB"
"WhatsApp Image 2026-09-30 at 9.23.51 PM.jpeg","stop_0147.jpeg","stop","C14910CBD55B005BCBE9DCAB8BABC27E9582505C1FDBBAC9B027B558D6C56E3E"
"WhatsApp Image 2026-09-30 at 9.23.52 PM (1).jpeg","paz_0148.jpeg","paz","0D4C00E0E1B76B1AE3BF731F7E59A1BE038BDCA6DAFEB0170A192D946FE2BBCC"
"WhatsApp Image 2026-09-30 at 9.23.52 PM (2).jpeg","paz_0149.jpeg","paz","3AB3A0FB082BE9E2C27CC4D191B9956F6E77BCF78192CC8B9088CFFF4DEAC94C"
"WhatsApp Image 2026-09-30 at 9.23.52 PM (3).jpeg","pulgar_arriba_0150.jpeg","pulgar_arriba","69277A99FAACB630FA0949208AE2DB4C74C28E7F0C81E30669CF19AF3F6A17B8"
"WhatsApp Image 2026-09-30 at 9.23.52 PM (4).jpeg","pulgar_arriba_0151.jpeg","pulgar_arriba","2A138B090043E591058FB2093403E2DEECA337D4C759A7CA0EB709EFC97FFA3A"
"WhatsApp Image 2026-09-30 at 9.23.52 PM.jpeg","pulgar_arriba_0152.jpeg","pulgar_arriba","63A3470330A0EEC8BF63800E81A5AE810C985F6ACC9F45BEB5EC8A0FE155E03D"
"WhatsApp Image 2026-10-03 at 12.09.10 AM (1).jpeg","stop_0153.jpeg","stop","0B4884E4C5A94F6FCE7B350F50B8735AAEE64D562578241CC6F4D6BC7EC822AA"
"WhatsApp Image 2026-10-03 at 12.09.10 AM (2).jpeg","pulgar_arriba_0154.jpeg","pulgar_arriba","B16EA58A9C1B6A58A9601D5B2E9F518B55340317C17CDD2D15B5CE029923ADE0"
"WhatsApp Image 2026-10-03 at 12.09.10 AM (3).jpeg","pulgar_arriba_0155.jpeg","pulgar_arriba","CD7EF30067C13D4A7CF4CB9C971CAAABDB7CAA4F7BD0C066E793F94E2D2244DE"
"WhatsApp Image 2026-10-03 at 12.09.10 AM.jpeg","pulgar_arriba_0156.jpeg","pulgar_arriba","4C4CB0F2E3E7A02E779D17C653286702B939B61B0C91DF49D9D6D439192E06CF"
"WhatsApp Image 2026-10-03 at 12.09.11 AM (1).jpeg","ok_0157.jpeg","ok","115C56DAABDB28DAF74BE0335D3989E46A412B8E5FD60D461D4E9580AC340A4D"
"WhatsApp Image 2026-10-03 at 12.09.11 AM (2).jpeg","ok_0158.jpeg","ok","5991F246028C6096FE28FD6F1AB14FEA0521C6F5F69B2BC3645E924A4F6E9645"
"WhatsApp Image 2026-10-03 at 12.09.11 AM (3).jpeg","paz_0159.jpeg","paz","4D50CFD6F0021EB728CD6F39CC4662A9CFC0928D0FE79D2F8DD43E6172BB2F3B"
"WhatsApp Image 2026-10-03 at 12.09.11 AM (4).jpeg","paz_0160.jpeg","paz","9292B9CA7EA53E09AA678E986EFBDBD4AA83E5EF06FB81C695D33E787CBC6482"
"WhatsApp Image 2026-10-03 at 12.09.11 AM.jpeg","ok_0161.jpeg","ok","B96543D7E667720CF2B771F8C28E51EF4E39057425D451E36768C1EDCFF357F4"
"WhatsApp Image 2026-10-03 at 12.09.12 AM (1).jpeg","stop_0162.jpeg","stop","AF8335800321BC2602BFBCB707DD9D747BA7A263041E4B3F1A0B45B2FBC5CBC6"
"WhatsApp Image 2026-10-03 at 12.09.12 AM (2).jpeg","pulgar_arriba_0163.jpeg","pulgar_arriba","EE9F05DE16E4626A8500D916AF8AA06637B61376848E8E8108197D1C1B9AE472"
"WhatsApp Image 2026-10-03 at 12.09.12 AM (3).jpeg","ok_0164.jpeg","ok","3065414F59CD8F5E3D5BA5BFE601D874A62D8DCB4B913645FDB60FB6D96F3A0F"
"WhatsApp Image 2026-10-03 at 12.09.12 AM (4).jpeg","pulgar_arriba_0165.jpeg","pulgar_arriba","784417D476603CCC4D93F45984C7CA31CDCD457B24D87341E92A42FB358305A2"
"WhatsApp Image 2026-10-03 at 12.09.12 AM.jpeg","paz_0166.jpeg","paz","E2A0465961DB9395B00F907A430886B20C060C7F8160AF8C86DF392D85988CE1"
"WhatsApp Image 2026-10-03 at 12.09.13 AM (1).jpeg","otros_0167.jpeg","otros","4E92D6365CB04B873114661AB71DFF564D088E8795723FB1B19557A7C2E1F0F0"
"WhatsApp Image 2026-10-03 at 12.09.13 AM (2).jpeg","stop_0168.jpeg","stop","0A5E880A3A77741BEC08F1B81AE176032348DA7C7AE983A084BE765CE354289A"
"WhatsApp Image 2026-10-03 at 12.09.13 AM.jpeg","otros_0169.jpeg","otros","90F357B7A3AE47C2CADE0EACB4329821F724121E756CAFB45E9FA33B8C148DCE"
"WhatsApp Image 2026-10-03 at 12.09.14 AM (1).jpeg","otros_0170.jpeg","otros","1E303E1F4F9A7AC5CD8D99D681C8DF9DB668F45B2260E5BB288CBD53E191994E"
"WhatsApp Image 2026-10-03 at 12.09.14 AM (2).jpeg","otros_0171.jpeg","otros","CB9472509D4A64E225199EF5A50192DA6A38716961A553603F7678D72C528D68"
"WhatsApp Image 2026-10-03 at 12.09.14 AM (3).jpeg","otros_0172.jpeg","otros","0FCCF6E5B08CE8AB005444089C7FDCABD76D2C8CB3B1EB1424EBDB99BA874195"
"WhatsApp Image 2026-10-03 at 12.09.14 AM (4).jpeg","otros_0173.jpeg","otros","B1262F57206A8EC69FE59429D0BEF9C307BC3C31BC44FF6D31F4B47768E15F2E"
"WhatsApp Image 2026-10-03 at 12.09.14 AM (5).jpeg","stop_0174.jpeg","stop","4A1D022333A35D57C438ECC7C7A71BA202851523890381FE97A216A7817753C1"
"WhatsApp Image 2026-10-03 at 12.09.14 AM.jpeg","otros_0175.jpeg","otros","41866389A9405B0C6954CCB0B3A4F503886EC7C4A371EBAA1BB482025CF5FC8E"
"WhatsApp Image 2026-10-03 at 12.09.15 AM (1).jpeg","stop_0176.jpeg","stop","25440493F24C2F348A9F083FA2FC17B185FD1C0D450431DC3E9184A118B4F33D"
"WhatsApp Image 2026-10-03 at 12.09.15 AM (2).jpeg","otros_0177.jpeg","otros","F352B982446B3E151F056E67DC5C08E964EB1D9E1095D0CF6CA307C86BA306D9"
"WhatsApp Image 2026-10-03 at 12.09.15 AM (3).jpeg","stop_0178.jpeg","stop","7069FCA95D4E0662D3670BD79170FA00CBBDFD76A012914F6F43F4C32B5B3DEF"
"WhatsApp Image 2026-10-03 at 12.09.15 AM (4).jpeg","pulgar_arriba_0179.jpeg","pulgar_arriba","2DFAFD9216875C4DC656BFDFD6E9A10D2F69FD30EFD464FE9CE9A3A098822C2A"
"WhatsApp Image 2026-10-03 at 12.09.15 AM.jpeg","otros_0180.jpeg","otros","C00215B0C9BA0AB7C1657EECF9908E9E16A7A96609A273227D134B47477A61ED"
"WhatsApp Image 2026-10-03 at 12.09.16 AM (1).jpeg","otros_0181.jpeg","otros","69F203B94DE0BCF0E8E2FD096477D2E42A5251FA01E3736F328ADB81DF1B48EB"
"WhatsApp Image 2026-10-03 at 12.09.16 AM (2).jpeg","stop_0182.jpeg","stop","F2D654A83D338A6941365514899790BEF5BE589D46485C280846BEBBDC94A950"
"WhatsApp Image 2026-10-03 at 12.09.16 AM (3).jpeg","stop_0183.jpeg","stop","4617DAA097E7304373DF080730EC4197C771B6947F975FE7562093BEC12BB231"
"WhatsApp Image 2026-10-03 at 12.09.16 AM (4).jpeg","stop_0184.jpeg","stop","36A8C41DE5BC73406F0D308CCD2FAB55BEAE9091D92B7EC010F15BF80D0489BB"
"WhatsApp Image 2026-10-03 at 12.09.16 AM.jpeg","stop_0185.jpeg","stop","20A22D2193CFAB22B573CE40BC7F97A70CB9614D098ED92EC6E71F0E5F1477C2"
"WhatsApp Image 2026-10-03 at 12.09.17 AM (1).jpeg","stop_0186.jpeg","stop","F5401A2C98AED79E4657DE55D828D807204A88D115AA51BE685AFFED06206209"
"WhatsApp Image 2026-10-03 at 12.09.17 AM (2).jpeg","stop_0187.jpeg","stop","6C6D244E8E8BCA74FB71BC4698D56F3081EDDDCD2028E274D197DB6A66D1260B"
"WhatsApp Image 2026-10-03 at 12.09.17 AM (3).jpeg","stop_0188.jpeg","stop","0463C7642BE0ECB7F5CD391D2AC7A53B6EE46A5C500BE2E1C68686C19FD05B30"
"WhatsApp Image 2026-10-03 at 12.09.17 AM (4).jpeg","otros_0189.jpeg","otros","BA3F6FDFB677FC1583987AA1E70A1343D0B4B325A17CF6BA8BEAE9295E6297DF"
"WhatsApp Image 2026-10-03 at 12.09.17 AM.jpeg","otros_0190.jpeg","otros","1AF8A42A282B0C773C845AE8F1D0BE8184A84FCBC6F6315FF08B0D80AABADA70"
"WhatsApp Image 2026-10-03 at 12.09.18 AM (1).jpeg","ok_0191.jpeg","ok","4F6D7636654DAA6ABF1A32CC4A1BF9E9606977C310D531E3C8589869EDE74A03"
"WhatsApp Image 2026-10-03 at 12.09.18 AM (2).jpeg","pulgar_arriba_0192.jpeg","pulgar_arriba","5B7C261258A06B463A5C1E0456715469DAF34339F023B06C233558108AE85F3A"
"WhatsApp Image 2026-10-03 at 12.09.18 AM (3).jpeg","ok_0193.jpeg","ok","1BE8881C5429A0E015A2FF1CEB4A00BFCF2734C51DE65D0119DDCC4860C84493"
"WhatsApp Image 2026-10-03 at 12.09.18 AM (4).jpeg","pulgar_arriba_0194.jpeg","pulgar_arriba","B5445CC8AE73B26918F672B10890BEB69C48FAFA70B8BEB061EA96034A228C49"
"WhatsApp Image 2026-10-03 at 12.09.18 AM.jpeg","stop_0195.jpeg","stop","0E30BCC6209DBAD0F86980B76E8C73932F22FFA349FB60F76D7C55EC1D122B72"
"WhatsApp Image 2026-10-03 at 12.09.19 AM (1).jpeg","stop_0196.jpeg","stop","CD6FCC4D81F10CDC68E0D69E71D2DB60CE67E8804E18674CFA28CD5CA062DBE6"
"WhatsApp Image 2026-10-03 at 12.09.19 AM (2).jpeg","ok_0197.jpeg","ok","62A6DEF83B2CCC69C5C38A80172BBFA497070ABA6A4914E027061F1981844033"
"WhatsApp Image 2026-10-03 at 12.09.19 AM (3).jpeg","pulgar_arriba_0198.jpeg","pulgar_arriba","DF7B6D1558790D814C9338651576C0EDAAF651E0B1F2A747C4D56254AF9010A6"
"WhatsApp Image 2026-10-03 at 12.09.19 AM (4).jpeg","ok_0199.jpeg","ok","C446D5ECC696A73A49B750F7A6F8C2205B843F28068E5419A78CFE72A9FDA042"
"WhatsApp Image 2026-10-03 at 12.09.19 AM.jpeg","ok_0200.jpeg","ok","6B29659250ED579689EFD095E90AC2B844708348F5101D53EA4F8DD4BDEF8710"
"WhatsApp Image 2026-10-03 at 12.09.20 AM (1).jpeg","ok_0201.jpeg","ok","BBBE7706946311D13C5615DB4CBFD8048DB2D11E4BCDF5D7861FC76E8E076064"
"WhatsApp Image 2026-10-03 at 12.09.20 AM (2).jpeg","otros_0202.jpeg","otros","F1218B2A9BFB5B406227B00089A163487F3DCB1726412ACD0E6CCF9D0E73B65C"
"WhatsApp Image 2026-10-03 at 12.09.20 AM (3).jpeg","ok_0203.jpeg","ok","56CF4C77E2E6EF2C80CF90EC4BCA4B81A8D0A4837A7CE4D5C20A5B3CDEAB9196"
"WhatsApp Image 2026-10-03 at 12.09.20 AM (4).jpeg","pulgar_arriba_0204.jpeg","pulgar_arriba","1C8179CEBFCFDD32F1AAF3AECC0B1061E927B17A506F78992D370A6F5EE340CA"
"WhatsApp Image 2026-10-03 at 12.09.20 AM (5).jpeg","ok_0205.jpeg","ok","8C27AFA388D1270D90953B8AA85E85612D9E2D777CD2BC70238D12FB1DDC84B7"
"WhatsApp Image 2026-10-03 at 12.09.20 AM.jpeg","stop_0206.jpeg","stop","19199E50ACE8C587D12CFC96B016FD9C61C1A05D68AB465932F17F13DA25EC6C"
"WhatsApp Image 2026-10-03 at 12.09.21 AM (1).jpeg","paz_0207.jpeg","paz","010B69582791766CE291295F4871513A59681996C85AAAB75631FCAF2F8C2282"
"WhatsApp Image 2026-10-03 at 12.09.21 AM (2).jpeg","otros_0208.jpeg","otros","337A347028E04163785BEE416311E992307EBE1A2C118314F88B70C338D5E8BB"
"WhatsApp Image 2026-10-03 at 12.09.21 AM (3).jpeg","paz_0209.jpeg","paz","4D2CF0481C727D1F8293AB75FDBCE5CC3634965DD59A82170CD94AEB35E44249"
"WhatsApp Image 2026-10-03 at 12.09.21 AM (4).jpeg","pulgar_arriba_0210.jpeg","pulgar_arriba","65D415864D27B80B8F581287233E80C48919EF8DF71888076EC281CC820A3914"
"WhatsApp Image 2026-10-03 at 12.09.21 AM.jpeg","stop_0211.jpeg","stop","F54B8F0B65C9BA5AA01EB1E9E0D217EB7DC3BEF6AE9176F1E3B961E8CB34B9DC"
"WhatsApp Image 2026-10-03 at 12.09.22 AM (1).jpeg","pulgar_arriba_0212.jpeg","pulgar_arriba","0FB7A685F9093CD236FC9EDA136F8EBB71BEFD2C3B7D19CF307C442F06C8FC7F"
"WhatsApp Image 2026-10-03 at 12.09.22 AM (2).jpeg","otros_0213.jpeg","otros","55A51D901D2B7C14674EC51998A5C2BA726E9A91010E7C765A1ED2043BF478D7"
"WhatsApp Image 2026-10-03 at 12.09.22 AM (3).jpeg","otros_0214.jpeg","otros","0409A64E01CEC00796C92CEB01D2579C313A91B68AD4603089682539AB03CAFA"
"WhatsApp Image 2026-10-03 at 12.09.22 AM (4).jpeg","ok_0215.jpeg","ok","E2624D63E1D147EA79319B0493C73CF008899FA96517FD324DD7F2B96D750394"
"WhatsApp Image 2026-10-03 at 12.09.22 AM.jpeg","pulgar_arriba_0216.jpeg","pulgar_arriba","07B3762D6A7BF640A910212CE3472540EA8D84B6B698104934F4686AC73230B1"
"WhatsApp Image 2026-10-03 at 12.09.23 AM (1).jpeg","ok_0217.jpeg","ok","FBC0BAA694A4832C095D2460C8B8730458F5BAC2F1FC58D8088CE544A7C0A7BB"
"WhatsApp Image 2026-10-03 at 12.09.23 AM (2).jpeg","otros_0218.jpeg","otros","FEBA816F0633065D750D82593418A14C411EF2EE80578E72BF29140C48AD18CC"
"WhatsApp Image 2026-10-03 at 12.09.23 AM (3).jpeg","ok_0219.jpeg","ok","A9DE7500EFEE84C007F86C256B0FA8DE1C8904A8ACEA0D0FE1E0F54DCE782E54"
"WhatsApp Image 2026-10-03 at 12.09.23 AM (4).jpeg","pulgar_arriba_0220.jpeg","pulgar_arriba","A3ECFC9EED0C40FB1DBAA16F5663069348E776D410C5C6C397F33836CFE01EA7"
"WhatsApp Image 2026-10-03 at 12.09.23 AM (5).jpeg","ok_0221.jpeg","ok","02EBCCD85FAB113E63D4F1E24F09034D0B4635C09C2299DE7AD99A13200D5C84"
"WhatsApp Image 2026-10-03 at 12.09.23 AM.jpeg","pulgar_arriba_0222.jpeg","pulgar_arriba","B95EC90D76989E8615ECB98380AB0BAA378CDE9D10C0C1AF5BAB8F4F86BA23C7"
"WhatsApp Image 2026-10-03 at 12.09.24 AM (1).jpeg","ok_0223.jpeg","ok","F357A68E9A0D9822D912E145A6B7CAB21A5A19C6B4F880F641AD2E79C48A8975"
"WhatsApp Image 2026-10-03 at 12.09.24 AM (2).jpeg","pulgar_arriba_0224.jpeg","pulgar_arriba","39AEFA87805132A81CF6532448CD0A210AEA483640EA5458CCD90F8283C09044"
"WhatsApp Image 2026-10-03 at 12.09.24 AM (3).jpeg","ok_0225.jpeg","ok","863A8A94335D8829AB01CC416F26303793DFBA9D912D9F9C2E615744CC7860DD"
"WhatsApp Image 2026-10-03 at 12.09.24 AM (4).jpeg","otros_0226.jpeg","otros","363DB60AA5EF7D95A068AA42B0EE67F248BCFB69FF66F6955ABED5DB34312172"
"WhatsApp Image 2026-10-03 at 12.09.24 AM.jpeg","otros_0227.jpeg","otros","1F3A01C169BBE516A0B6C409C21E94A13EB7E3C17FCBFDBCA0655FD83BE1195D"
"WhatsApp Image 2026-10-03 at 12.09.25 AM (1).jpeg","paz_0228.jpeg","paz","428B2FF9080CAE05718EE8B12E7AC1F31A2D1C1AD6D6C55566EFED922EC67970"
"WhatsApp Image 2026-10-03 at 12.09.25 AM (2).jpeg","otros_0229.jpeg","otros","274D749C8E365AFA92141E362D767CA3AF93D4283AB936B5E8911ABD93DA1ED1"
"WhatsApp Image 2026-10-03 at 12.09.25 AM (3).jpeg","paz_0230.jpeg","paz","B3CD59896A8D0CB97781127E4EDA58A8C6818DCA33434D97F76F5306F5A76802"
"WhatsApp Image 2026-10-03 at 12.09.25 AM (4).jpeg","pulgar_arriba_0231.jpeg","pulgar_arriba","A72872CE66446A63151FD11140E47A889C6AE1045B94D2F5F46E740EC1D53FD6"
"WhatsApp Image 2026-10-03 at 12.09.25 AM.jpeg","otros_0232.jpeg","otros","B58EDA5F40EB1C8F84C7F6019A17A08713D7693FAE03E14EAFE3562441931D21"
"WhatsApp Image 2026-10-03 at 12.09.26 AM (1).jpeg","paz_0233.jpeg","paz","5DD98EB56F7935A7461306B0163F49E3F33FF2595881D28BFDE884456C709987"
"WhatsApp Image 2026-10-03 at 12.09.26 AM (2).jpeg","paz_0234.jpeg","paz","D93F9AFD75FB28357EB908EC87E030396528EC1D166C8D28E9FC4CFB57BDB894"
"WhatsApp Image 2026-10-03 at 12.09.26 AM (3).jpeg","stop_0235.jpeg","stop","A3531B222A1E2A6A1BF1597C3D509B63515915BAC2B7CC8C8237AEE9496709DD"
"WhatsApp Image 2026-10-03 at 12.09.26 AM (4).jpeg","paz_0236.jpeg","paz","49F27486AD38C96422BD20D01BD81D5A38B4675F91BF8AF23090F610481C351E"
"WhatsApp Image 2026-10-03 at 12.09.26 AM.jpeg","ok_0237.jpeg","ok","D5971066DF7DAE83FA2C8CDBA2ED6406C8C25EA9669AD272A690582E2A928E10"
"WhatsApp Image 2026-10-03 at 12.09.27 AM (1).jpeg","paz_0238.jpeg","paz","D11FA4D8D2F4DB198117A3A9E886DA25C7DF7339A9F70EF59C61A5CACC429AB0"
"WhatsApp Image 2026-10-03 at 12.09.27 AM (2).jpeg","stop_0239.jpeg","stop","2E8A6F4081DB8A75C35F0147114FD1D5DB35DAB4E48848F2C829A99EB946DCF5"
"WhatsApp Image 2026-10-03 at 12.09.27 AM (3).jpeg","paz_0240.jpeg","paz","FB5490208AB587401947A34F358A294EED9826C0C6E138A2B345430870B2FF0F"
"WhatsApp Image 2026-10-03 at 12.09.27 AM (4).jpeg","ok_0241.jpeg","ok","D6DC9F12F1B0C5C3382F6F3E2497944108FAA18076E2F23D927781A44DDBDB21"
"WhatsApp Image 2026-10-03 at 12.09.27 AM.jpeg","ok_0242.jpeg","ok","D15BEB1A5B33908839110625EFE73DF50F60DF8EEEC8A6A9512448123D2A3E00"
"WhatsApp Image 2026-10-03 at 12.09.28 AM (1).jpeg","paz_0243.jpeg","paz","9565BD1B1E5E7F1F1701C1C7580A361BD3979CD93EDD5236AC047CFD692EFA58"
"WhatsApp Image 2026-10-03 at 12.09.28 AM (2).jpeg","paz_0244.jpeg","paz","64D106EB93153421D67F5A976B551D5BFF72B994021FCD664F8BBCB2C096F055"
"WhatsApp Image 2026-10-03 at 12.09.28 AM (3).jpeg","ok_0245.jpeg","ok","ACBF7EEB07F307969DBA7FB5BF9747C86EA95E3FF339C67A7B402F608D620132"
"WhatsApp Image 2026-10-03 at 12.09.28 AM (4).jpeg","paz_0246.jpeg","paz","A6FAC91EABFF95B6F6334B5B587D985C243545A424A139D478CD690431E51AED"
"WhatsApp Image 2026-10-03 at 12.09.28 AM.jpeg","ok_0247.jpeg","ok","431D93CEB710D1BFF967049E7784E23700C20FC7DDCA56B0F256116AF779725D"
"WhatsApp Image 2026-10-03 at 12.09.29 AM (1).jpeg","paz_0248.jpeg","paz","5C0F4A34FA32AC1341F69BF803A1AF81A3FF77D30697C6B836ABB93C34E3CF10"
"WhatsApp Image 2026-10-03 at 12.09.29 AM (2).jpeg","ok_0249.jpeg","ok","5FC229921595E2E5B0FCB2A916DEC073CACFE6BF4D5341FAF366B2D6F73FBA0F"
"WhatsApp Image 2026-10-03 at 12.09.29 AM (3).jpeg","paz_0250.jpeg","paz","8494932064D5B69366AC7D29CD9AEC9CB80728F29FE8074143198DE1154EE50F"
"WhatsApp Image 2026-10-03 at 12.09.29 AM (4).jpeg","pulgar_arriba_0251.jpeg","pulgar_arriba","EE33AFFD635610AC04533721E4155171FD14C07E9792CE9203AD5344D8048A09"
"WhatsApp Image 2026-10-03 at 12.09.29 AM.jpeg","pulgar_arriba_0252.jpeg","pulgar_arriba","53CB260709E7D37A528D6576E8C72695CEF20287E3CB8DD57A5C87D79B292D06"
"WhatsApp Image 2026-10-03 at 12.09.30 AM (1).jpeg","ok_0253.jpeg","ok","1B8ADA96FDD985593A99075294F4AF4D60CAFB3284ED955B8B6CB5DD2DDC1581"
"WhatsApp Image 2026-10-03 at 12.09.30 AM (2).jpeg","pulgar_arriba_0254.jpeg","pulgar_arriba","5CE42A8B3E4A302BAD8FE9E0830B095DDDEBC1D008FF952B2CFC2ACDB52BC2E6"
"WhatsApp Image 2026-10-03 at 12.09.30 AM (3).jpeg","stop_0255.jpeg","stop","5C742A2B2BD8D00FF2FBE3E3ECE24DA0A67FFFAB77E5810964A6084B12EAC9E2"
"WhatsApp Image 2026-10-03 at 12.09.30 AM (4).jpeg","pulgar_arriba_0256.jpeg","pulgar_arriba","288DBB300B55C3A47D8F23B126BE9ABA0E5F0C2C5C66412C98097F591314D398"
"WhatsApp Image 2026-10-03 at 12.09.30 AM.jpeg","ok_0257.jpeg","ok","6C58B0339504C6B8F8DE484E6ED30ED7F1EBBE6C93052C705692B6624BEA4F1C"
"WhatsApp Image 2026-10-03 at 12.09.31 AM (1).jpeg","pulgar_arriba_0258.jpeg","pulgar_arriba","6D82BC7A96774747F1E15D91BC453795B6AF565BB9196066C8B60E4794FB3C9A"
"WhatsApp Image 2026-10-03 at 12.09.31 AM (2).jpeg","pulgar_arriba_0259.jpeg","pulgar_arriba","F115A56BACB71B4144192D7543BAEC14E4CA06B3E2C1B1F2F9DB924CB75A1AEF"
"WhatsApp Image 2026-10-03 at 12.09.31 AM (3).jpeg","pulgar_arriba_0260.jpeg","pulgar_arriba","15F4EA64C4FCA85759D14CC8EA9812512289EA9ACF05976B4AC6461AE589E43F"
"WhatsApp Image 2026-10-03 at 12.09.31 AM.jpeg","ok_0261.jpeg","ok","65132E8C95DE84B19EDB068D566433DB35594ADE337710613D6D6B67AF94C40B"
"WhatsApp Image 2026-10-04 at 12.26.06 PM (1).jpeg","pulgar_arriba_0262.jpeg","pulgar_arriba","D0E23FBF7F02A3DADFD4149F163C60178D84C83003F706D335F0FCA7E49CA3A0"
"WhatsApp Image 2026-10-04 at 12.26.06 PM.jpeg","pulgar_arriba_0263.jpeg","pulgar_arriba","9D43ECE090D0B422D21C7E4AA06A07611F34BD44FC5382D7DD9973B07E4BC290"
"WhatsApp Image 2026-10-04 at 12.26.07 PM (1).jpeg","otros_0264.jpeg","otros","56A68A8859D2B79B21EB9AB360BB449D7136E8545AC8ECED184570CD3A7F9D1E"
"WhatsApp Image 2026-10-04 at 12.26.07 PM.jpeg","pulgar_arriba_0265.jpeg","pulgar_arriba","AB38F258AF0CA930B86C5E4CD5B93FF420898BB2296E0DACA35B698C3FD59CDE"
"WhatsApp Image 2026-10-04 at 12.26.08 PM.jpeg","pulgar_arriba_0266.jpeg","pulgar_arriba","D5A84F7E355D00CFB58F0D2F9EAEF048124EC38B57E6E0ECA77684D9B51BF732"
"WhatsApp Image 2026-10-04 at 12.26.09 PM (1).jpeg","pulgar_arriba_0267.jpeg","pulgar_arriba","13E604A0CB11952C951C76AE458F6774B7681FECF1583E543AD28B755D4A6DA6"
"WhatsApp Image 2026-10-04 at 12.26.09 PM.jpeg","pulgar_arriba_0268.jpeg","pulgar_arriba","93913AA3C4024B9BF301DEEECF2053B506F181674B1D445BADAE59CEF96CADB2"
"WhatsApp Image 2026-10-04 at 12.26.10 PM.jpeg","pulgar_arriba_0269.jpeg","pulgar_arriba","9B864785452073B39B5B151FD5807308794907D4D5179CB784B57D953C26CF7C"
"WhatsApp Image 2026-10-04 at 12.26.15 PM (1).jpeg","pulgar_arriba_0270.jpeg","pulgar_arriba","5FCE20C490CAFD536BC4D5748B084DC30B32973858125D02D8E0B9E2894C0260"
"WhatsApp Image 2026-10-04 at 12.26.15 PM (2).jpeg","pulgar_arriba_0271.jpeg","pulgar_arriba","17EE1B509D931A7C0D260BC4C7DA44DB3FCAB9E9843E4D786E837DEC57EC80D6"
"WhatsApp Image 2026-10-04 at 12.26.15 PM (3).jpeg","otros_0272.jpeg","otros","14E917BE967F4D89E8AB20C5FD93FEDCE347534E26C3B841C4DC2AC3180F9FF3"
"WhatsApp Image 2026-10-04 at 12.26.15 PM.jpeg","pulgar_arriba_0273.jpeg","pulgar_arriba","B00280814846EF73804383E7CB7D6232F8EB44125B06F5D96235D890D62E827B"
"WhatsApp Image 2026-10-04 at 12.26.16 PM (1).jpeg","pulgar_arriba_0274.jpeg","pulgar_arriba","ECADF2E24155269AEA7D6434C59122232FF22DF115B008CD11F49D83EE4FD80E"
"WhatsApp Image 2026-10-04 at 12.26.16 PM (2).jpeg","pulgar_arriba_0275.jpeg","pulgar_arriba","07CB0FF40C65F1D43C5548BCC47A43F0DCBBE4DAAF6D125930E4B763425C8415"
"WhatsApp Image 2026-10-04 at 12.26.16 PM (3).jpeg","pulgar_arriba_0276.jpeg","pulgar_arriba","AF60121FA06E3C3478BCF4B3C04772D8EB8284DC3B18ECF07902ECD09AD6989B"
"WhatsApp Image 2026-10-04 at 12.26.16 PM.jpeg","pulgar_arriba_0277.jpeg","pulgar_arriba","A84531EEE3C3783A3F19ACFA6C5848735BCBC3BC3C28E7FB3210AF7565697EF5"
"WhatsApp Image 2026-10-04 at 12.26.17 PM (1).jpeg","pulgar_arriba_0278.jpeg","pulgar_arriba","04100F1F404A8DA124DD867509ED9547682151BCE31504097C9158D28ADF5D27"
"WhatsApp Image 2026-10-04 at 12.26.17 PM (2).jpeg","pulgar_arriba_0279.jpeg","pulgar_arriba","557D399D22849D3FBC4F1CE4922378436101DDD6C317348FB3F0C0FC6822FD85"
"WhatsApp Image 2026-10-04 at 12.26.17 PM (3).jpeg","pulgar_arriba_0280.jpeg","pulgar_arriba","BC7D520F580CAB624863ED5CA263E3D8CD60535DAA5A5E1D41132E15FEC94250"
"WhatsApp Image 2026-10-04 at 12.26.17 PM (4).jpeg","pulgar_arriba_0281.jpeg","pulgar_arriba","2959E40B887A3CBEFD97823C6810B3F7E0DCEF45658AE34D0AC98A3127D4F76A"
"WhatsApp Image 2026-10-04 at 12.26.17 PM.jpeg","pulgar_arriba_0282.jpeg","pulgar_arriba","7DD61900F0FFE919BF3ED825B662678955C5FE4280A9EE4B78DAD7E30B399BF4"
"WhatsApp Image 2026-10-04 at 12.26.18 PM (1).jpeg","pulgar_arriba_0283.jpeg","pulgar_arriba","BA48455FE969033B6D8B1E3640AB747A9A4F8229484460C21B353068FC14C9FD"
"WhatsApp Image 2026-10-04 at 12.26.18 PM (2).jpeg","pulgar_arriba_0284.jpeg","pulgar_arriba","F979AD9C8B60FB76E731083D865B8AB812455CA50E53C20F6E601E9AE2CEBCD9"
"WhatsApp Image 2026-10-04 at 12.26.18 PM (3).jpeg","pulgar_arriba_0285.jpeg","pulgar_arriba","68C761CD5898F690CD7FE3E31BF9778E359849D23F8F68A4BE3DDD0CAA128B39"
"WhatsApp Image 2026-10-04 at 12.26.18 PM.jpeg","pulgar_arriba_0286.jpeg","pulgar_arriba","0FCAC85261A04B846F8B81DDDDC3BB2843C848014472CDD91FC34CC25672811B"
"WhatsApp Image 2026-10-04 at 12.26.19 PM (1).jpeg","pulgar_arriba_0287.jpeg","pulgar_arriba","BE61483ECE8203A575CD0A458CF39BFB320B234995B966B79CC891F8889A7751"
"WhatsApp Image 2026-10-04 at 12.26.19 PM (2).jpeg","pulgar_arriba_0288.jpeg","pulgar_arriba","2158739D6A7EB8394B0C763668DE29A813C073B05810EC3FD52B68F77C6E623D"
"WhatsApp Image 2026-10-04 at 12.26.19 PM (3).jpeg","pulgar_arriba_0289.jpeg","pulgar_arriba","74393A649DDBC8FA5912B2AEE42323735741F3118E81943220423962A7FAFF03"
"WhatsApp Image 2026-10-04 at 12.26.19 PM.jpeg","pulgar_arriba_0290.jpeg","pulgar_arriba","69DE0895C612EC94379ACABB3E1A822AB4793F2E7A78FB43CB2617C96BFB003F"
"WhatsApp Image 2026-10-04 at 2.02.26 PM (1).jpeg","stop_0291.jpeg","stop","DFC06791309A9386841502F316CD8E8756C659E0C9AB848DEF932D4B786DBCA6"
"WhatsApp Image 2026-10-04 at 2.02.26 PM (2).jpeg","stop_0292.jpeg","stop","32C15E0510DAFD2896DA34CDD1A01FD0282FEDBEEFFA27EDB5958BCD8B14D015"
"WhatsApp Image 2026-10-04 at 2.02.26 PM.jpeg","stop_0293.jpeg","stop","889A7CBECA858DB97AF82E48DD49D754777A8AA87B8E69892C2AFA38E754F114"
"WhatsApp Image 2026-10-04 at 2.02.27 PM.jpeg","stop_0294.jpeg","stop","718B78C866D78A5D3735E977F07635E2BDA25DDA03CC9A5F445D1503284DFB49"
"WhatsApp Image 2026-10-04 at 2.02.28 PM (1).jpeg","stop_0295.jpeg","stop","2DDAC5B6AB3B60BDD81F71F4924D39DB8CD10428BD94F2A42FF8ED50BC18989A"
"WhatsApp Image 2026-10-04 at 2.02.28 PM (2).jpeg","stop_0296.jpeg","stop","7A72CCB7C265BC22FDE0F73B555C0E479FDD87BA480E1DDEF878BA2BD3BC1261"
"WhatsApp Image 2026-10-04 at 2.02.28 PM.jpeg","stop_0297.jpeg","stop","5EE1C740AB2E39551778A47B893F9116E11EB12130A3D01A7E3D08A7C8529444"
"WhatsApp Image 2026-10-04 at 2.02.30 PM (1).jpeg","stop_0298.jpeg","stop","1F72934C824A7E643A162A67EE391E08E1E3280C50A2651F861ED948A636CD8A"
"WhatsApp Image 2026-10-04 at 2.02.30 PM.jpeg","stop_0299.jpeg","stop","4F045C1F19B12E29A6A3E6CA3E5918DDF382EC8D666AE62D6F61BCEE94A10855"
"WhatsApp Image 2026-10-04 at 2.02.31 PM.jpeg","stop_0300.jpeg","stop","FE4B2CDC9E8D0338AD2A0B12FEA9BD03B71CA498842D39C0D5D88009D4A43750"
"WhatsApp Image 2026-10-04 at 2.02.32 PM (1).jpeg","stop_0301.jpeg","stop","327CB3BFDB6F580ACBC07578E3B95018808DAA2F0248C33D277B4C6F6A9A0358"
"WhatsApp Image 2026-10-04 at 2.02.32 PM.jpeg","stop_0302.jpeg","stop","EBEAEA1BD0063D7F0251BF9A7EED9A015343C3569F011C68C831AC7F649C5AD7"
"WhatsApp Image 2026-10-04 at 2.02.33 PM.jpeg","stop_0303.jpeg","stop","A991390702979D2FC1ED12602BA3E7DC0DABF4ABCB90C46433B200C3DB8B05D6"
"WhatsApp Image 2026-10-04 at 2.02.34 PM (1).jpeg","stop_0304.jpeg","stop","0910C475E8A8F5EF4C553F78181752963F0B9BCA100C4538E34CADDE6FE87C8B"
"WhatsApp Image 2026-10-04 at 2.02.34 PM.jpeg","stop_0305.jpeg","stop","35B3208B890F534B1905E0F1E7232FFB07D4A2374A5902E0534A2F0A1B9ED805"
"WhatsApp Image 2026-10-04 at 2.02.36 PM.jpeg","stop_0306.jpeg","stop","361742E0C5E44EF695BB650B1C477019102527497A77389C87391B9E9133DDA6"
"WhatsApp Image 2026-10-04 at 2.02.37 PM (1).jpeg","stop_0307.jpeg","stop","722F4C807124E1A0BA733E9110A52D5D54B60B5304056025D17D14E89648B819"
"WhatsApp Image 2026-10-04 at 2.02.37 PM (2).jpeg","stop_0308.jpeg","stop","F1C97750FCBAFB3EAEBB9CFA29F2CE45EE6BEFD17C94EDDCACDAC5B9E88D9604"
"WhatsApp Image 2026-10-04 at 2.02.37 PM.jpeg","stop_0309.jpeg","stop","AC16CF6ADA422CFCCEDB811DDFDCD46BB1D27C9F6E4E177506B91B758A47CAB3"
"WhatsApp Image 2026-10-04 at 2.02.38 PM (1).jpeg","stop_0310.jpeg","stop","6E9C1EE372A9B628130C2D8FFF56EB75FC5D82BFE6D9FE3F61CE8CE3C0D9D45E"
"WhatsApp Image 2026-10-04 at 2.02.38 PM.jpeg","stop_0311.jpeg","stop","56196B97A055152E567BBC88CFDBA682183E5B0B82ED5175E2139C6B2A94CF91"
"WhatsApp Image 2026-10-04 at 2.02.40 PM (1).jpeg","stop_0312.jpeg","stop","579AC9961DB519570F69EE31FC55C41735B30DEB21D469999ABD7BE8ED1A4EF2"
"WhatsApp Image 2026-10-04 at 2.02.40 PM.jpeg","stop_0313.jpeg","stop","6C0B59B2D49F1EB0CAEFAC3A5261D0D8637EFF8842157B76C5BE0DD6EAEED313"
"WhatsApp Image 2026-10-04 at 2.02.41 PM (1).jpeg","stop_0314.jpeg","stop","95CD605313A1756E17257B40406C12821329DE86DE388E62209EF487CAD93416"
"WhatsApp Image 2026-10-04 at 2.02.41 PM.jpeg","stop_0315.jpeg","stop","61C1470A925F8CA61BD3D3203B1241AF5D304CAE686C78481CC138E807746079"
"WhatsApp Image 2026-10-04 at 2.02.42 PM (1).jpeg","stop_0316.jpeg","stop","E2A479C74CD0641CBA4556C62DE800AC95DC36B1C87B7469C51034852011F11E"
"WhatsApp Image 2026-10-04 at 2.02.42 PM.jpeg","stop_0317.jpeg","stop","B78CCDFF8CC763A9CC52A1CF5B23F8251B2D2DE3E31C55F5A6FDAB4272221668"
"WhatsApp Image 2026-10-04 at 2.02.44 PM (1).jpeg","stop_0318.jpeg","stop","D295F59A7F9B5F0E7359956A2ACC4807D8DF07592BAAC20C1D52059CA52BB076"
"WhatsApp Image 2026-10-04 at 2.02.44 PM (2).jpeg","stop_0319.jpeg","stop","8D4B83393FDCB921D8AAC8210741F7B5E1612B197B14BAA0CE1BAA7C244840CD"
"WhatsApp Image 2026-10-04 at 2.02.44 PM.jpeg","stop_0320.jpeg","stop","57A919B3987B8CBDA83E996C389809BCD5361CCEF3A8CD1539E2ED9F427B6F35"
"WhatsApp Image 2026-10-04 at 2.02.45 PM.jpeg","stop_0321.jpeg","stop","7C9C142B4C7C16A72A7560BF4AF35842D2EFECD3386ED00F1B207A2060C8EFF7"
"WhatsApp Image 2026-10-04 at 2.02.46 PM.jpeg","stop_0322.jpeg","stop","785BCF68FF589F4BAE54C30AAB64EDCBA7F26C1946DC4985512155C03AF4B692"
"WhatsApp Image 2026-10-04 at 2.02.47 PM (1).jpeg","stop_0323.jpeg","stop","B3CD9DF940AF960D73AE0407FB0CEE418F40A56DC028B0CFA04874A37D8DA725"
"WhatsApp Image 2026-10-04 at 2.02.47 PM.jpeg","stop_0324.jpeg","stop","208905D178C30B961ACDD33D2E2CB89B44D62D833702B65EF15E4E5C16AC2A64"
"WhatsApp Image 2026-10-04 at 2.02.48 PM.jpeg","stop_0325.jpeg","stop","0E3A1DFBE177E9D25EAA661446F5343E5753ECF375B3CFE984DB1F1DDC9B2E3A"
"WhatsApp Image 2026-10-04 at 2.02.49 PM (1).jpeg","stop_0326.jpeg","stop","9488A1BA793783D2B6773DF0AB58039E39FB381C13A8D5EDA5F3DC25531214ED"
"WhatsApp Image 2026-10-04 at 2.02.49 PM.jpeg","stop_0327.jpeg","stop","E3D71F8B871C17253193D97B09BDE6B20974F3D6F98315CB553E3BF9E2203EDE"
"WhatsApp Image 2026-10-04 at 2.02.50 PM (1).jpeg","stop_0328.jpeg","stop","C8D444ADF8281296A71C83B92335EF7D69AE1747884954A53547EFF0DAD9716F"
"WhatsApp Image 2026-10-04 at 2.02.50 PM.jpeg","stop_0329.jpeg","stop","D1B53B987321BE0969FA8F873AD14DD4A3174C49DF9D24471F53C0FC2776B777"
"WhatsApp Image 2026-10-04 at 2.02.51 PM.jpeg","stop_0330.jpeg","stop","FFDA23D9D24953BEB4FF61970D7913806176830569A303D622137D89698F63D4"
"WhatsApp Image 2026-10-04 at 2.02.52 PM (1).jpeg","stop_0331.jpeg","stop","2505F4CE28E42AE9848383827F1E7D54FF4EC68EC5E7555DD35B5C7E1A78C142"
"WhatsApp Image 2026-10-04 at 2.02.52 PM (2).jpeg","stop_0332.jpeg","stop","258AA6F61A9113DF604A482CDA41320BA9C0D65F86F96D30F0A8D3C8468EAFC7"
"WhatsApp Image 2026-10-04 at 2.02.52 PM (3).jpeg","stop_0333.jpeg","stop","4F4E084F734C0F183B7D829507DC212336612554E8F96931098C678F7F619966"
"WhatsApp Image 2026-10-04 at 2.02.52 PM.jpeg","stop_0334.jpeg","stop","2A4FAC7465DE426A8E6E40DB10497A12BC5F467E5190071F98D64D560789D894"
"WhatsApp Image 2026-10-04 at 2.02.53 PM.jpeg","stop_0335.jpeg","stop","F487AE883E13CCD3432CE132F2442CDF153EB09240DD2DAA5E4ACFDB3B2CA65E"
"WhatsApp Image 2026-10-04 at 2.02.54 PM (1).jpeg","stop_0336.jpeg","stop","63AC337ECA2E4C726EC55735D9031F529FB0709DC44CD5DC406788AE35B42012"
"WhatsApp Image 2026-10-04 at 2.02.54 PM.jpeg","stop_0337.jpeg","stop","B05E25B42B5DBE5C664BD1125FA7FE5538354315562A7A7E2300CFF24B4935D2"
"WhatsApp Image 2026-10-04 at 2.02.55 PM (1).jpeg","stop_0338.jpeg","stop","02614551B7BA1697F67C76E2A783F55F0DFCD1C3729C41ADAFA4A0BE2E18D9FE"
"WhatsApp Image 2026-10-04 at 2.02.55 PM.jpeg","stop_0339.jpeg","stop","80AA1D51E8AA5E082E9ADB8594E5BD811625CCE012B3B36CC9C591CEBDC9086A"
"WhatsApp Image 2026-10-04 at 2.02.56 PM (1).jpeg","stop_0340.jpeg","stop","92E8ABA02509A74AEA57A17D1F2747CCFDBA2F64CB2D68618986EB6D4B5252DA"
"WhatsApp Image 2026-10-04 at 2.02.56 PM.jpeg","stop_0341.jpeg","stop","FC3259B95DF561E397F921EE303E0325E60F240D9D26EC7C48CAF540169643A2"
"WhatsApp Image 2026-10-04 at 2.02.57 PM (1).jpeg","stop_0342.jpeg","stop","D95C8ECDC461D8E7ADFF967604F948226430A8E093FE6D0D4B668B74F620899A"
"WhatsApp Image 2026-10-04 at 2.02.57 PM.jpeg","stop_0343.jpeg","stop","F4D1D8AEC1C7F3A11621D68DE2C17FF0B66F8E989CD03107C126D0371AF59431"
"WhatsApp Image 2026-10-04 at 2.02.58 PM (1).jpeg","stop_0344.jpeg","stop","4424848E0E6D1B267547E3356BFADAB4798B254366A0AE110AFA450CEE50DE54"
"WhatsApp Image 2026-10-04 at 2.02.58 PM (2).jpeg","stop_0345.jpeg","stop","B1894A2D420B7DB565C9DA703FEEABE034685F5524760FABD0D733ABE5169B87"
"WhatsApp Image 2026-10-04 at 2.02.58 PM.jpeg","stop_0346.jpeg","stop","71E5710238BCE953E81F6D45C33187AFA2237C9912AD861C1E19E695F1F26602"
"WhatsApp Image 2026-10-04 at 2.02.59 PM (1).jpeg","stop_0347.jpeg","stop","8C535FE23509A3D7954F4B8C66A050E6D365EB24EFB28846F29E2D8F24BFF635"
"WhatsApp Image 2026-10-04 at 2.02.59 PM.jpeg","stop_0348.jpeg","stop","A2E1EBBEB142ADE17675D261B03247EB2169A471BCC1FE085A2A2FB78793CF94"
"WhatsApp Image 2026-10-04 at 2.03.00 PM.jpeg","stop_0349.jpeg","stop","73CD28A581B42ED177B3B099DF873C777D458482922826811E4F51C8935E1B33"
"WhatsApp Image 2026-10-04 at 2.03.01 PM (1).jpeg","stop_0350.jpeg","stop","F17374FCFE9D0E531414D372E4E5387104D94D0DBBDCC3AE2E96DB3379E8FF88"
"WhatsApp Image 2026-10-04 at 2.03.01 PM.jpeg","stop_0351.jpeg","stop","70B85BF26FFC4A8313E0EC6FEF625E93394E9E39DA9B2AAC276D0550BD6BD10F"
"WhatsApp Image 2026-10-04 at 2.03.02 PM (1).jpeg","stop_0352.jpeg","stop","291A8DC3AC54133893BC685BED2B24407AF03D793F9207BEC7F0B5FFDB02F6C5"
"WhatsApp Image 2026-10-04 at 2.03.02 PM.jpeg","stop_0353.jpeg","stop","374D6AFAD17365127DF2B21D2FB897CFC4B9FF29213E8C2B611DB14EAAF46B9B"
"WhatsApp Image 2026-10-04 at 2.03.03 PM (1).jpeg","stop_0354.jpeg","stop","FAA5D3ADADDEF15111038331081C799A47EFF9222B8D0EAD6AF080660191452A"
"WhatsApp Image 2026-10-04 at 2.03.03 PM (2).jpeg","stop_0355.jpeg","stop","6A4D6082C07B3BDB0260E552176BF8FB40399CC7E8D226A32C19095CCF30519D"
"WhatsApp Image 2026-10-04 at 2.03.03 PM.jpeg","stop_0356.jpeg","stop","97A7AC983CBF90FEB6097B63C2B1B6C7829D6B5479646A7C54BD9F758BD633E9"
"WhatsApp Image 2026-10-04 at 2.03.04 PM.jpeg","stop_0357.jpeg","stop","90C29478043E5BA0D630D1977E771335C9AF6112E46D81E1EAEB69A56C475B67"
"WhatsApp Image 2026-10-04 at 2.03.05 PM.jpeg","stop_0358.jpeg","stop","4485C4D08940EA2FC6DAADD518039A2A814015D2342894C48E6D4B048C35994B"
"WhatsApp Image 2026-10-04 at 2.03.06 PM (1).jpeg","stop_0359.jpeg","stop","0150BE43C528E86126868B21E81A3F6E6D7A74FACEEB3F7214C8D6BE817FE9B3"
"WhatsApp Image 2026-10-04 at 2.03.06 PM (2).jpeg","stop_0360.jpeg","stop","9026CDC27D824365F67CA69D959AEC7CD4928B585A5BA991671208929F9D57D5"
"WhatsApp Image 2026-10-04 at 2.03.06 PM.jpeg","stop_0361.jpeg","stop","C4AFD15DFA1CB54329B1D46241FD88CBED5A1362C78641EA6A88709EEABDF677"
"WhatsApp Image 2026-10-04 at 2.03.07 PM (1).jpeg","stop_0362.jpeg","stop","A25A14D7492B6F4A2100AAB6AB997F9D9F4166F896641F55D3E54BBF2F3486FB"
"WhatsApp Image 2026-10-04 at 2.03.07 PM.jpeg","stop_0363.jpeg","stop","AAA3EF563044858A2E88734AA4B447D9E50EE7942B97388F276813E3E7B2EAD4"
"WhatsApp Image 2026-10-04 at 2.03.08 PM.jpeg","stop_0364.jpeg","stop","136E13129632EC444EB19035F9130120ED6936BBA6CDEBB1B4C30C9BC611752F"
"WhatsApp Image 2026-10-04 at 2.03.09 PM (1).jpeg","stop_0365.jpeg","stop","DAAEA8AEE7559F38ECB630D716D7427EB1BF6ED872A9389F552BACFE5206E66B"
"WhatsApp Image 2026-10-04 at 2.03.09 PM (2).jpeg","stop_0366.jpeg","stop","ACD0D7DE3B7012F8A48913FCC4DA71B267F30DB4893DEF2E3134752609366562"
"WhatsApp Image 2026-10-04 at 2.03.09 PM.jpeg","stop_0367.jpeg","stop","5206BD0BDA96CD6CF37D582AEAF04F09874537474FFB8F5B41335658E172E4CE"
"WhatsApp Image 2026-10-04 at 2.03.10 PM (1).jpeg","stop_0368.jpeg","stop","C4ECF839F4C69AD009996C969E50A9745334D3DE929782615429EB7564CD7FAD"
"WhatsApp Image 2026-10-04 at 2.03.10 PM.jpeg","stop_0369.jpeg","stop","BEE2B3E52445B733A4E6BF2AC2BF9FA9C3CCE6CEAF4E3592F9739BCEB88826D4"
"WhatsApp Image 2026-10-04 at 2.03.11 PM (1).jpeg","stop_0370.jpeg","stop","70041F0895A389068CA1491CBC81E687F8732401ADEAA4AA2A517569959CB8C5"
"WhatsApp Image 2026-10-04 at 2.03.11 PM (2).jpeg","stop_0371.jpeg","stop","6ADCD92863B865AD64B2F1C3E5EE167070B60DD5B441050B6F59329DD25B71C1"
"WhatsApp Image 2026-10-04 at 2.03.11 PM.jpeg","stop_0372.jpeg","stop","998CD24DAC77CD26C6835EEF7C556BD73F6CD152CBCD51B030D36B1303FF50BD"
"WhatsApp Image 2026-10-04 at 2.03.12 PM.jpeg","stop_0373.jpeg","stop","D312093C8782B545DB5E830C8D98A1D374E9EA21A53C730C0DDC26C6927D26AC"
"WhatsApp Image 2026-10-04 at 2.03.13 PM (1).jpeg","stop_0374.jpeg","stop","D203734D154BC4E628650FFB0CD309CF319CB06DE009AD1A4330D757032047A8"
"WhatsApp Image 2026-10-04 at 2.03.13 PM (2).jpeg","stop_0375.jpeg","stop","307B3306D4837B857F117E032D86B1AC0415448D6B8B70C21AED58525CF65964"
"WhatsApp Image 2026-10-04 at 2.03.13 PM.jpeg","stop_0376.jpeg","stop","57F4025F9665EDA659B983FA0E536C541AD11A42678CF90F99E67C78178B192D"
"WhatsApp Image 2026-10-04 at 2.03.14 PM.jpeg","stop_0377.jpeg","stop","3B1285425D8B5CAFB2AC86690837E335DDE871533AB43A204A83F5476A8A220B"
"WhatsApp Image 2026-10-04 at 2.03.15 PM (1).jpeg","paz_0378.jpeg","paz","B3031697C530DD0DC8FF877CA02425E3A507B5BC928E5B29C017862D7AD13CEB"
"WhatsApp Image 2026-10-04 at 2.03.15 PM.jpeg","stop_0379.jpeg","stop","A29566183ADB7FCD9B5C33D03C2AEEBA05B435285CF5EBFC3A53C1F8813F744F"
"WhatsApp Image 2026-10-04 at 2.03.16 PM (1).jpeg","paz_0380.jpeg","paz","E8ACB68564F332BE4B13173C321EF96766A459FB0C7DB261A7CE2C8EFFC7CEDF"
"WhatsApp Image 2026-10-04 at 2.03.16 PM (2).jpeg","paz_0381.jpeg","paz","1EC53EF1D2BBEA6C6BB945EE8C02F342DA4E8FD210AACACE2D0A728622F7E253"
"WhatsApp Image 2026-10-04 at 2.03.16 PM.jpeg","stop_0382.jpeg","stop","687AC7040E4211CEFBA46F7F79595A1A3703362DF7047E64B3AEE46878311791"
"WhatsApp Image 2026-10-04 at 2.03.17 PM.jpeg","paz_0383.jpeg","paz","854E135EB70C5DE1FE29B011DC988D3D5F06DA188CA6DA351A9AD98FA950C099"
"WhatsApp Image 2026-10-04 at 2.03.18 PM (1).jpeg","paz_0384.jpeg","paz","A23B9DC09A00B19C3D832C0C7FD2A26D8276BEBD08D283BEEDFACB1FCC2F40B5"
"WhatsApp Image 2026-10-04 at 2.03.18 PM (2).jpeg","paz_0385.jpeg","paz","60D8C0C21F4DC8750A50722882BBBA69E9E61CA98FB99A48A9B96065969705B5"
"WhatsApp Image 2026-10-04 at 2.03.18 PM.jpeg","paz_0386.jpeg","paz","E5F42FEB87D5C6430281E5E8D48A42D47A692DBF509E19A5282D8E0B0CB1D4AE"
"WhatsApp Image 2026-10-04 at 2.03.19 PM.jpeg","paz_0387.jpeg","paz","0C3F87A930BB7AE3601BFAAD05721924B09A34DE6E6806C12D5BEAD12EB85696"
"WhatsApp Image 2026-10-04 at 2.03.20 PM (1).jpeg","paz_0388.jpeg","paz","FE21EC2F9FFDB1C136529784356928448553285AA6055F1575883DAAE08D1D0F"
"WhatsApp Image 2026-10-04 at 2.03.20 PM.jpeg","paz_0389.jpeg","paz","3B1EA316B564D886CE24766A7D15D56AA621C9319B06626E730A8324F1F6429E"
"WhatsApp Image 2026-10-04 at 2.03.21 PM.jpeg","paz_0390.jpeg","paz","89DAF697B4FC7B36022C822DBBF9141C1960C8E38025F6DD607D4C0AED233BF0"
"WhatsApp Image 2026-10-04 at 2.03.22 PM (1).jpeg","paz_0391.jpeg","paz","FE21EC2F9FFDB1C136529784356928448553285AA6055F1575883DAAE08D1D0F"
"WhatsApp Image 2026-10-04 at 2.03.22 PM.jpeg","paz_0392.jpeg","paz","380CC2309B20479E50EACCE31FBCE270DB6339FA26C4F7BBED1B9F22A7132F0F"
"WhatsApp Image 2026-10-04 at 2.03.23 PM.jpeg","paz_0393.jpeg","paz","89DAF697B4FC7B36022C822DBBF9141C1960C8E38025F6DD607D4C0AED233BF0"
"WhatsApp Image 2026-10-04 at 2.03.24 PM (1).jpeg","paz_0394.jpeg","paz","4D8A231B21F1F194A4D0C8AD86CAE6C3FDC0212CA43AB524A110AFA1F946B3FB"
"WhatsApp Image 2026-10-04 at 2.03.24 PM (2).jpeg","paz_0395.jpeg","paz","A8852493C1023191252B22B81347C80423F580F01124A2980C75DC3D067006A6"
"WhatsApp Image 2026-10-04 at 2.03.24 PM.jpeg","paz_0396.jpeg","paz","93402D18FF946E2D446FA1ACDAE009E4921F1E5FF1D6099CB3EF2FD6D13A8C87"
"WhatsApp Image 2026-10-04 at 2.03.25 PM.jpeg","paz_0397.jpeg","paz","07513D1C7E808983509D4F1F886933875A867F202EA120C02C50470669E66BFD"
"WhatsApp Image 2026-10-04 at 2.03.26 PM (1).jpeg","paz_0398.jpeg","paz","E911954951FB730E43D7D46B8916F0B27B1D7A06BC8A68D30FB3BBD4FFCF189E"
"WhatsApp Image 2026-10-04 at 2.03.26 PM.jpeg","paz_0399.jpeg","paz","F295E621683A74242E78866CB5499A0F2046637B962B547BD9DB6912F278435D"
"WhatsApp Image 2026-10-04 at 2.03.27 PM (1).jpeg","paz_0400.jpeg","paz","A40ACE9E4C0CD4F572861F6CB3070140D60A5FD54F04BBE1A8084AC995671AD4"
"WhatsApp Image 2026-10-04 at 2.03.27 PM.jpeg","paz_0401.jpeg","paz","395D7578B3C08B35A4ABD96C7342B269A8C84287D031D6DE416BBA88D94E0F2E"
"WhatsApp Image 2026-10-04 at 2.03.28 PM.jpeg","paz_0402.jpeg","paz","B8AFCDB26312ECEAA6CB124B3B1773E6F9E438967C9A6B0F47D43925070DEE43"
"WhatsApp Image 2026-10-04 at 2.03.29 PM.jpeg","paz_0403.jpeg","paz","8D9D9DC6912FDD62934D4A3962763799C05A73A1BD8F12730B51FDDDFD200C70"
"WhatsApp Image 2026-10-04 at 2.03.30 PM.jpeg","paz_0404.jpeg","paz","6B892CAC66E062505820B9780D58C098881B18E4138DF546374CAF74BC82A6BC"
"WhatsApp Image 2026-10-04 at 2.03.31 PM (1).jpeg","paz_0405.jpeg","paz","AAA55D8A3AF2F3AB363507C2E99FAB546554589FEBFDD2EC94E9EC97D6D574CB"
"WhatsApp Image 2026-10-04 at 2.03.31 PM.jpeg","paz_0406.jpeg","paz","CBC78DC767C841BC79162CA85F0BAB67A81FEBBE468A379019387530A79E9AAE"
"WhatsApp Image 2026-10-04 at 2.03.32 PM (1).jpeg","paz_0407.jpeg","paz","A162AD80290CF5430D9A8114B1E27B7B310C1424C89A21779384C8E7E59D8F7C"
"WhatsApp Image 2026-10-04 at 2.03.32 PM.jpeg","paz_0408.jpeg","paz","9FAF3A4D8D97FF18EE83D47D78ADAF20F4A6EC86FA1ACC45228B8D56DF1CFF23"
"WhatsApp Image 2026-10-04 at 2.03.34 PM (1).jpeg","paz_0409.jpeg","paz","C9232AB1D6F7ACDF40A1D8A8B33DD4764EB4877788B26EE733B0D96D8C02FFA0"
"WhatsApp Image 2026-10-04 at 2.03.34 PM (2).jpeg","paz_0410.jpeg","paz","E7F026F07D529461452EDEAF53D59CBA39F97C919CED69BF9377D814A5E73D06"
"WhatsApp Image 2026-10-04 at 2.03.34 PM.jpeg","paz_0411.jpeg","paz","39BEF6E5A94EE2FA28DFE3A010DA873B56DCCD59792B2E278906C6CC202758DC"
"WhatsApp Image 2026-10-04 at 2.03.35 PM.jpeg","paz_0412.jpeg","paz","F251767974EFD959E1E1E7BE1F5CFE0E90484A70E02639E9999D03532E079E33"
"WhatsApp Image 2026-10-04 at 2.03.36 PM (1).jpeg","paz_0413.jpeg","paz","454B55A64669FE2881A722FB1DF84F88CB00CD910C2954679DABCE17DDC34DAB"
"WhatsApp Image 2026-10-04 at 2.03.36 PM.jpeg","paz_0414.jpeg","paz","9CB121EA2785026A3CFF4130997DE963DB420547DA50822C248AE612F799CA98"
"WhatsApp Image 2026-10-04 at 2.03.37 PM.jpeg","paz_0415.jpeg","paz","182EC486EA9EBE5BE1BC825101F02F1FE81FFDACF4A527DC44921AB46267CBB1"
"WhatsApp Image 2026-10-04 at 2.03.38 PM (1).jpeg","paz_0416.jpeg","paz","0F12820C3190361A49E4642B9BC62F7FE64E3365BC433469AD8305A9D42612FA"
"WhatsApp Image 2026-10-04 at 2.03.38 PM.jpeg","paz_0417.jpeg","paz","A0B35204CABED89B1266E667A335606027EDC74E37684BEA494A9FAA6CBDE568"
"WhatsApp Image 2026-10-04 at 2.03.39 PM.jpeg","paz_0418.jpeg","paz","BCA4A583F4ED5C18EE3C504A178F5C0D84EF37F059682EB20249FAFC60C739F4"
"WhatsApp Image 2026-10-04 at 2.03.40 PM.jpeg","paz_0419.jpeg","paz","C54E4A1D0156474754E0B91BF240FF387BC39BA6D234BED26EFEB56A8734B0AC"
"WhatsApp Image 2026-10-04 at 2.03.41 PM (1).jpeg","paz_0420.jpeg","paz","06DDBACB6C1F5F4DB6D50917BADFD84FDE9D5D8A514317F0E4065CC989BA04D0"
"WhatsApp Image 2026-10-04 at 2.03.41 PM.jpeg","paz_0421.jpeg","paz","5E28C8937FA6DC96EF6E9F2499EE4A408652A5D022E18CC32BB3F4FA249354B4"
"WhatsApp Image 2026-10-04 at 2.03.42 PM (1).jpeg","paz_0422.jpeg","paz","8CA82C5468FCCD7EC492980430C5B9F924EA3B106B58A11E14ED48750E4FDAE2"
"WhatsApp Image 2026-10-04 at 2.03.42 PM.jpeg","paz_0423.jpeg","paz","6ACAD8FA7101BBD467E3D39A649AA52164F833729412DBD4700983C14936C7E8"
"WhatsApp Image 2026-10-04 at 2.03.43 PM (1).jpeg","paz_0424.jpeg","paz","D3C508B01A1CC22CD5D0D605B2E1FEB5981B126195B2E1329440A7CCAF8BBA57"
"WhatsApp Image 2026-10-04 at 2.03.43 PM (2).jpeg","paz_0425.jpeg","paz","E061AA5F1E9A38CF2B886A4539C7B85B5E3FC993524DD2CBA16F8950BEC3BB99"
"WhatsApp Image 2026-10-04 at 2.03.43 PM.jpeg","paz_0426.jpeg","paz","C050439DBFC260F48B4FE7BFFC9B4041D40F3481F52FB288AE90CC2BDA9E0BAB"
"WhatsApp Image 2026-10-04 at 2.03.44 PM (1).jpeg","paz_0427.jpeg","paz","8D81868E07A5AAFCF8DDEB5AE7700A9733B85C160408C374CA9CA0BDFFF4610A"
"WhatsApp Image 2026-10-04 at 2.03.44 PM.jpeg","paz_0428.jpeg","paz","DCBAD7BC20B1BE4E4ADC264515549895F9A79A3FFCDC1128A1B7C17D423786A9"
"WhatsApp Image 2026-10-04 at 2.03.45 PM (1).jpeg","paz_0429.jpeg","paz","C755D109B3CDD4D0D24D3E9F95C1FE7D66964CC9C737B3DCCAFEEA587BE56F63"
"WhatsApp Image 2026-10-04 at 2.03.45 PM.jpeg","paz_0430.jpeg","paz","1897CA961B41B381B73320B8A90F3D6E6116469A4DE3E68FBDD56E8723979203"
"WhatsApp Image 2026-10-04 at 2.03.46 PM (1).jpeg","paz_0431.jpeg","paz","394BBB08E0EF4169FD34A4B0B24F5DB7DA4BCC6BA7A4D626E00FBBE89FFA26C2"
"WhatsApp Image 2026-10-04 at 2.03.46 PM.jpeg","paz_0432.jpeg","paz","C5578B36BD08BDA7D70D40DEF35A56476E20C6A85A50AB1CABCDF605686B671D"
"WhatsApp Image 2026-10-04 at 2.03.47 PM (1).jpeg","paz_0433.jpeg","paz","036BE80A2D4BE70121F452E4CC4F6B594D17F84DF053440B73EB67D0960D3EAA"
"WhatsApp Image 2026-10-04 at 2.03.47 PM.jpeg","paz_0434.jpeg","paz","5AD0C8C439C24BAB591CA880A95C0FDC856CDE543575FFAAFB06E9F6CA698073"
"WhatsApp Image 2026-10-04 at 2.03.48 PM.jpeg","paz_0435.jpeg","paz","0ADDEC9CEBE885CC7F752D2867ACD812F97D7F91B062D2248766454ACFFFD46E"
"WhatsApp Image 2026-10-04 at 2.03.49 PM (1).jpeg","paz_0436.jpeg","paz","814026B4CB41F4665E49F1EB501A0548440C550B16F9ADE3673BE94308C4A3B3"
"WhatsApp Image 2026-10-04 at 2.03.49 PM.jpeg","paz_0437.jpeg","paz","CEA6CA1F38E5B1BE4794DAA2816434DD4CE50D5F00C0F5C914C1CACD1EFA3074"
"WhatsApp Image 2026-10-04 at 2.03.50 PM (1).jpeg","paz_0438.jpeg","paz","A003D7215BDD8719770ABE43701D2086F74959D1762BC7151F3AA739A9361A0B"
"WhatsApp Image 2026-10-04 at 2.03.50 PM.jpeg","paz_0439.jpeg","paz","08C8343A7036C37D787DE6557FB3061D64D07B53E65C9DEB271802EF6579FA59"
"WhatsApp Image 2026-10-04 at 2.03.51 PM (1).jpeg","paz_0440.jpeg","paz","A326631D69B4D77851D92CC0D0F96F47C13F153157CA4C1FCFAEBE4947B7A2FD"
"WhatsApp Image 2026-10-04 at 2.03.51 PM (2).jpeg","paz_0441.jpeg","paz","9DE3D2A0EC8AB4D1E55407236B21EA62CB9BFE21855B052994EF26505CC582B2"
"WhatsApp Image 2026-10-04 at 2.03.51 PM.jpeg","paz_0442.jpeg","paz","83A158E8035F8C2D95D7DFDF9D0D8C775F8999C7DEBD5058A307333AD01A3792"
"WhatsApp Image 2026-10-04 at 2.03.52 PM (1).jpeg","paz_0443.jpeg","paz","10C66D1278AFF59FFC1F3538F783257B592D40202ABE3109F15CB7BCC812D94D"
"WhatsApp Image 2026-10-04 at 2.03.52 PM.jpeg","paz_0444.jpeg","paz","4B5A05DB4AFC992F542CB7A995D17CB6DF429A466957977F69D99B3F924A8669"
"WhatsApp Image 2026-10-04 at 2.03.53 PM (1).jpeg","paz_0445.jpeg","paz","193D119A6FFEB91F6289C9D62887E204284ED6DE5D8A819967A144AFD6D3893E"
"WhatsApp Image 2026-10-04 at 2.03.53 PM.jpeg","paz_0446.jpeg","paz","E505556CE8458C47712A2A62313206EF673E342B9BE18C2143E9F781390A0095"
"WhatsApp Image 2026-10-04 at 2.03.54 PM.jpeg","paz_0447.jpeg","paz","9CBCF35A2B9B948B06247CD718D694B31920A969521AC5CF6DC3C93E38C5A7CA"
"WhatsApp Image 2026-10-04 at 2.03.55 PM (1).jpeg","paz_0448.jpeg","paz","56B4DD4E773DEB47FB3AA3DE0167165DB881A49F7826ACB8E363FD230A6C15D9"
"WhatsApp Image 2026-10-04 at 2.03.55 PM (2).jpeg","paz_0449.jpeg","paz","A5092546EF65B2B02895D87EED9908352641FFB826E73E2864215CFC9F162A79"
"WhatsApp Image 2026-10-04 at 2.03.55 PM.jpeg","paz_0450.jpeg","paz","60223CD265A7009E62458E58FE83D656FE8F2A551B250B6BD7BB9E25DB075538"
"WhatsApp Image 2026-10-04 at 2.03.56 PM (1).jpeg","paz_0451.jpeg","paz","69B846D8B3FA1ACA624B8595BB8246A6EEA4F966E4EAE39D2BCAD7B58531DB65"
"WhatsApp Image 2026-10-04 at 2.03.56 PM.jpeg","paz_0452.jpeg","paz","FF2ED835C3C0C9D3253F81A298CCACA275F486AA30DC2C2C355A059690FDBC75"
"WhatsApp Image 2026-10-04 at 2.03.57 PM.jpeg","paz_0453.jpeg","paz","46BD88A36203F70375F08E6B15287B3CAEDD72D9AC2AAC475A5E263C8C2E978D"
"WhatsApp Image 2026-10-04 at 2.03.58 PM (1).jpeg","paz_0454.jpeg","paz","B334D8035AC6BD2BECC389A2F17FDF6D63828C2AFB3AE4606855EEE31046FD82"
"WhatsApp Image 2026-10-04 at 2.03.58 PM (2).jpeg","paz_0455.jpeg","paz","32D5D5E5D4869ECD2DB97B42A234871D448B83396450C89561790E77EDCB5D96"
"WhatsApp Image 2026-10-04 at 2.03.58 PM.jpeg","paz_0456.jpeg","paz","2B973D17E22DA5E74DBE82F7223FA62AA197BF5611EC262DDB4E1BC528371D4E"
"WhatsApp Image 2026-10-04 at 2.03.59 PM (1).jpeg","paz_0457.jpeg","paz","CFC8AAA42B207D5CD3D9F1F43F211C1F833E4DBE7A6754C85A7645E7C9521AFA"
"WhatsApp Image 2026-10-04 at 2.03.59 PM (2).jpeg","paz_0458.jpeg","paz","4DE7496CD0181C19FA8E1C0DE543F9BA295472FBED7279D540A2C611A85AA551"
"WhatsApp Image 2026-10-04 at 2.03.59 PM.jpeg","paz_0459.jpeg","paz","FC29D438F6D6B859867014CB12B3D5BC16BFF0B32A6354CF9051862C90190BD7"
"WhatsApp Image 2026-10-04 at 2.04.01 PM (1).jpeg","paz_0460.jpeg","paz","90FAB41ACF811A1B5140FAE797BD3F8CF5378077541F4E7B6D1FF0DCD0BDFFB8"
"WhatsApp Image 2026-10-04 at 2.04.01 PM (2).jpeg","descarte_0461.jpeg","descarte","484070344AB63D3350FEDF451E422D44969F240DBB72CE36FF5411E3994AD9C2"
"WhatsApp Image 2026-10-04 at 2.04.01 PM.jpeg","paz_0462.jpeg","paz","841D9CB9C09FEF2C94A6F03D7816AED7934E2D14DBCEBBB542C5E740888AA7A2"
"WhatsApp Image 2026-10-04 at 2.04.02 PM (1).jpeg","paz_0463.jpeg","paz","0E474829D82EB2A42DD1FD367B43002EC748514871B7009770AFF4F2184CD115"
"WhatsApp Image 2026-10-04 at 2.04.02 PM.jpeg","descarte_0464.jpeg","descarte","8CBC9D4F9472677F48E179883F2190A5C2C919D6482216B11EF7F776B396FF04"
"WhatsApp Image 2026-10-04 at 2.04.03 PM (1).jpeg","paz_0465.jpeg","paz","5C9EE5389796C2ABA01E5A029C98B8636E63DC85F83E21DBF4B3D1598565FEA9"
"WhatsApp Image 2026-10-04 at 2.04.03 PM.jpeg","descarte_0466.jpeg","descarte","A27B445C5887ADEC5AC81F9C8045F4B0916244DD69B0BA997073786EF8DBC00B"
"WhatsApp Image 2026-10-04 at 2.04.04 PM (1).jpeg","paz_0467.jpeg","paz","4C2F9092887AF44F2DDAAD1520E54E8A2BD0013B8D97EA68315E9BFBFE4B1071"
"WhatsApp Image 2026-10-04 at 2.04.04 PM.jpeg","paz_0468.jpeg","paz","278A29DA4DDDB34E0FC67BBA1849C43B196376A967BC193F69CB5ACE4424B85E"
"WhatsApp Image 2026-10-04 at 2.04.05 PM (1).jpeg","paz_0469.jpeg","paz","CFA9AE07E8FE2B34D1C99FD7F88D3101F50DAEF66699D5ADF8B66A82DE4AD6F3"
"WhatsApp Image 2026-10-04 at 2.04.05 PM.jpeg","paz_0470.jpeg","paz","76B5B2F1034164B8DE19D66DA3F4E9C96C1A391E7EEAC63BABD292D3B54A88BA"
"WhatsApp Image 2026-10-04 at 2.04.06 PM (1).jpeg","paz_0471.jpeg","paz","35ED91DCCDCE0AD30677B62C408A5148EC9EB58120BAA5EBB6741EB66B4EEB80"
"WhatsApp Image 2026-10-04 at 2.04.06 PM.jpeg","paz_0472.jpeg","paz","9DAA2FA40C789ED1A79DF211214CBDABF733B0613C3879E2B2C4B289FA5C1672"
"WhatsApp Image 2026-10-04 at 2.04.07 PM.jpeg","paz_0473.jpeg","paz","8B1186E4DBAD83277364975DB5BC1BD6485703E657A0E4C8C14694AAD3402535"
"WhatsApp Image 2026-10-04 at 2.04.08 PM (1).jpeg","paz_0474.jpeg","paz","1A264CA96E6C6CA5135B6A7D4A2DBC9A98C56438703AC9BDA162292315733B16"
"WhatsApp Image 2026-10-04 at 2.04.08 PM (2).jpeg","paz_0475.jpeg","paz","C1B09404111661C09761FD36B2997E70C8FEE6F0662EBEF67969FCE22217EB30"
"WhatsApp Image 2026-10-04 at 2.04.08 PM.jpeg","paz_0476.jpeg","paz","E76F59B7144DFE7FCFE27B3846F627279257A79AB6304517955F27F7C7379254"
"WhatsApp Image 2026-10-04 at 2.04.09 PM (1).jpeg","paz_0477.jpeg","paz","102C31E0156E75B03840C711E1114EA508D9522DC335B34979C71A05CBA75504"
"WhatsApp Image 2026-10-04 at 2.04.09 PM.jpeg","paz_0478.jpeg","paz","B59AEDA84C2FBDECEBD7C66BEC308F17A0C1CFE1CD6CD7F294F6E80564D2E100"
"WhatsApp Image 2026-10-04 at 2.04.10 PM (1).jpeg","paz_0479.jpeg","paz","EC7EB427C744FDEA830F6A33675F89F3A317D1611FAAC43C3D83924E657AF0FB"
"WhatsApp Image 2026-10-04 at 2.04.10 PM.jpeg","paz_0480.jpeg","paz","71F25368C5CF229846D88961EAF72B6D77A16337965EBF4576073E8040C7EEE8"
"WhatsApp Image 2026-10-04 at 2.04.11 PM (1).jpeg","paz_0481.jpeg","paz","35D720205F403EDA78F6A0E77AE23DB596FD6915B4E524448A3BE2849CA2EEAD"
"WhatsApp Image 2026-10-04 at 2.04.11 PM.jpeg","paz_0482.jpeg","paz","A977D4D2C544801F03C46E5D9621E301454AA539C0E0B695F3633D7858BD7E6C"
"WhatsApp Image 2026-10-04 at 2.04.12 PM (1).jpeg","paz_0483.jpeg","paz","A9AD650C3483C65C74C3972CC13E5941427545E3168CE2A4478A90E1785A5EDC"
"WhatsApp Image 2026-10-04 at 2.04.12 PM.jpeg","paz_0484.jpeg","paz","374D9A69D47C9E3F198BDA0C7EA3C4AB316C96AB1C33FE690FA0DA43C9A1DCEE"
"WhatsApp Image 2026-10-04 at 2.04.13 PM.jpeg","paz_0485.jpeg","paz","6443DDDDCCF1D4805784CA4AE901222D42641B124F9E2EA94115DAEFF4AB80B2"
"WhatsApp Image 2026-10-04 at 2.04.14 PM (1).jpeg","paz_0486.jpeg","paz","FAD7A6D9031BE3432F8F580AC1BEFE066C2D81FB60F15F1D7C9D33A6E116079E"
"WhatsApp Image 2026-10-04 at 2.04.14 PM.jpeg","paz_0487.jpeg","paz","D949BD911138E821750F68D148AA83A707424B0B6B5E700E43E4A285DBD40DD6"
"WhatsApp Image 2026-10-04 at 2.04.15 PM (1).jpeg","paz_0488.jpeg","paz","214E34807BF91E0EEEDACE353F4FA3021848AEC362FDE8EAA8765A82EDBF1327"
"WhatsApp Image 2026-10-04 at 2.04.15 PM (2).jpeg","paz_0489.jpeg","paz","756916D777A0E130344E174233765C9361A464066781F0C74BE1FFFA98689D16"
"WhatsApp Image 2026-10-04 at 2.04.15 PM.jpeg","paz_0490.jpeg","paz","4BCD4CA922150BBB893B0006ED1AC0648962A91FCAFCC7E9F42974A37BA76170"
"WhatsApp Image 2026-10-04 at 2.04.17 PM (1).jpeg","paz_0491.jpeg","paz","04FF2275702FF1BD8DB536B9AA2AC4BDE51DC6E65416EE9C1E9A6FAEA45E020F"
"WhatsApp Image 2026-10-04 at 2.04.17 PM.jpeg","paz_0492.jpeg","paz","0F8235C64E534154D7F2400BD49087296B7A49DF3DBDA41DA1EF5D7D93E29E4C"
"WhatsApp Image 2026-10-04 at 2.04.18 PM (1).jpeg","paz_0493.jpeg","paz","E80E73266AC6C4514260DD94DDCA014CC74C87FAF28B4FC77A3AB880398156CA"
"WhatsApp Image 2026-10-04 at 2.04.18 PM (2).jpeg","paz_0494.jpeg","paz","7C5C48F0098EB88A1FB5BBA1A777EDE6CCD6004AEA2231257C205CE4E4571A8F"
"WhatsApp Image 2026-10-04 at 2.04.18 PM.jpeg","paz_0495.jpeg","paz","00D3D153BAF765486EDC1F8116C8EC658CEAC6A0752DF87802D1CCD8B43A3F9E"
"WhatsApp Image 2026-10-04 at 2.04.19 PM (1).jpeg","paz_0496.jpeg","paz","437647853A6224D11A6D627C226E766CFBA5750BF3CD3F2EB0499EDD79809ECC"
"WhatsApp Image 2026-10-04 at 2.04.19 PM.jpeg","paz_0497.jpeg","paz","7141FA744EF2A2194F669E813972AD743DD90A3F7A7C53E6096860F50A3EFC86"
"WhatsApp Image 2026-10-04 at 2.04.20 PM (1).jpeg","paz_0498.jpeg","paz","BA538869338FD3911832ABED3F6ADFF380012828E8D486A52D0C46B61F147851"
"WhatsApp Image 2026-10-04 at 2.04.20 PM.jpeg","paz_0499.jpeg","paz","1F48AFD39A87AF08DF3DDE76D53C510C44D104277D861185265264F37384231A"
"WhatsApp Image 2026-10-04 at 2.04.21 PM.jpeg","paz_0500.jpeg","paz","8101076EE59BEA9CEA777444CFBFB5FE7EDAF98A3FC2FBE4786CA9B9C47212D0"
"WhatsApp Image 2026-10-04 at 2.04.22 PM (1).jpeg","paz_0501.jpeg","paz","82EB86D53109566C0742079C896676811451AFF1F7631D8ADE060979EB6EDE03"
"WhatsApp Image 2026-10-04 at 2.04.22 PM.jpeg","paz_0502.jpeg","paz","09CFDC803E12386E949003D7550725F58747E6407CB1C5B8DDD9355F8FEF1918"
"WhatsApp Image 2026-10-04 at 2.04.23 PM (1).jpeg","paz_0503.jpeg","paz","2BD9168E8780E3D702B1ED46F8569F29BD8758F027ADABD6E484E375047E0D76"
"WhatsApp Image 2026-10-04 at 2.04.23 PM.jpeg","paz_0504.jpeg","paz","488E1D2129F8385422FFF7983C4DB666956F05F02449A58C7BEEF2ADCA5C8065"
"WhatsApp Image 2026-10-04 at 2.04.24 PM (1).jpeg","paz_0505.jpeg","paz","ED83A775DE9B959F581E8792DF46618FF23DC1AEE76CB6F03C33C96880FA4B3C"
"WhatsApp Image 2026-10-04 at 2.04.24 PM (2).jpeg","paz_0506.jpeg","paz","CE9B38F8FA63886FC86138ACF9BEDF377D98899FF3CACF8F6AA9DAD9C8CF740F"
"WhatsApp Image 2026-10-04 at 2.04.24 PM.jpeg","paz_0507.jpeg","paz","CEB2B62DD3F036531819D3B9CF9F44748961E8C512153B2810E8E72E5CE359CD"
"WhatsApp Image 2026-10-05 at 12.09.33 PM.jpeg","otros_0508.jpeg","otros","0FE748F0317AF3DFEA86801EBD5B0BBB63C9283D6873D51682C7C5A7FF31A0A3"
"WhatsApp Image 2026-10-05 at 12.09.35 PM.jpeg","otros_0509.jpeg","otros","42CB895CBD4B0DA6375A916CE2F8D3928EFC67D6823D48AEDC6AD56B38C4B5EF"
"WhatsApp Image 2026-10-05 at 12.09.36 PM (1).jpeg","otros_0510.jpeg","otros","03CC7F4A3747434685C4302AE289151DA77C1090F62208E7366094C7A1AC92C0"
"WhatsApp Image 2026-10-05 at 12.09.36 PM.jpeg","otros_0511.jpeg","otros","FC9BD9342F92962EED459478C47C7E0A0F9BB6AFF7DE126236AB8E9A4B537AE4"
"WhatsApp Image 2026-10-05 at 12.09.37 PM (1).jpeg","otros_0512.jpeg","otros","4FA75711FE23C4D50F8FFC70588EA32CAB750E0FA2DC19FEB1190242FB86943F"
"WhatsApp Image 2026-10-05 at 12.09.37 PM.jpeg","otros_0513.jpeg","otros","3930D9D045ED21D0E618A886959CA81894F1152C7D5DD8AB731ECDB2F2595BA8"
"WhatsApp Image 2026-10-05 at 12.09.38 PM (1).jpeg","otros_0514.jpeg","otros","64273437A0F416BFD8E6DA2EC180988C204A0A3C3AE8F86545DEC64555F12557"
"WhatsApp Image 2026-10-05 at 12.09.38 PM (2).jpeg","otros_0515.jpeg","otros","88CDC8B153BD0682C9DEF47590CB9A5AE4C4E3300057A1D4706314824339E298"
"WhatsApp Image 2026-10-05 at 12.09.38 PM.jpeg","otros_0516.jpeg","otros","EBA2F2A0E619C2C9975426E39D89D157BBE77B9950FB3C07AA84D935682658AF"
"WhatsApp Image 2026-10-05 at 12.09.46 PM (1).jpeg","otros_0517.jpeg","otros","F8A4A16B588651371CED935133A6BBBA84EFE90EB754C3EE621D04B389DBAA98"
"WhatsApp Image 2026-10-05 at 12.09.46 PM (2).jpeg","otros_0518.jpeg","otros","0C63521118C48B72369079E885615C7EAA0FF218884B5EF0E2E1BFAE25F4E5EA"
"WhatsApp Image 2026-10-05 at 12.09.46 PM (3).jpeg","otros_0519.jpeg","otros","C887C864BB92A3A60C185675441676D8621DC3A96B5A74BA5C1ACEA4EEFEB258"
"WhatsApp Image 2026-10-05 at 12.09.46 PM.jpeg","otros_0520.jpeg","otros","5709813BC6685D0F0ACE4E0FD987B12D0919D85615F53A3AAA177F9A53BCEA13"
"WhatsApp Image 2026-10-05 at 12.09.47 PM (1).jpeg","otros_0521.jpeg","otros","41CFEF613EBA469D8039D546EEED028887C9C706A40911EB66FE2DBDE1111E11"
"WhatsApp Image 2026-10-05 at 12.09.47 PM (2).jpeg","otros_0522.jpeg","otros","89CE3D4CA722C888D45434D80FC0BD6B6C14EEE87020FDF286B04A5F64DDD490"
"WhatsApp Image 2026-10-05 at 12.09.47 PM (3).jpeg","otros_0523.jpeg","otros","23CAD284F8E5412A400DF7FF6E9C5E9F526217DAEF504AEE63744AA3C71FBFD5"
"WhatsApp Image 2026-10-05 at 12.09.47 PM (4).jpeg","otros_0524.jpeg","otros","3E168E3AA0D8011AC69391C929A97BE63895F431724C65CE53D74A892B403164"
"WhatsApp Image 2026-10-05 at 12.09.47 PM.jpeg","otros_0525.jpeg","otros","29977BC71C6CC15DC03E1509B0977882F33187B2E3703C47F0A4456197FA2223"
"WhatsApp Image 2026-10-05 at 12.09.48 PM (1).jpeg","otros_0526.jpeg","otros","EFA1E88A5ACAF3AA33E1589C629BAB9D6D4CCA6BEBD4CB8A7AD7684D64AFA656"
"WhatsApp Image 2026-10-05 at 12.09.48 PM (2).jpeg","otros_0527.jpeg","otros","C7A1F7DD7707961EA1F86B8B951CE0050D22BFD8F1173F8C616D8ACA7C1ADE5F"
"WhatsApp Image 2026-10-05 at 12.09.48 PM (3).jpeg","descarte_0528.jpeg","descarte","14994F1C8FE04ACC76626035F2E270A5651C766795D96F00B2B0A7760BA4D5EF"
"WhatsApp Image 2026-10-05 at 12.09.48 PM (4).jpeg","otros_0529.jpeg","otros","218673BF427DDC41D902CB9480007F6DB37B9BD6F42BFEE46626F1611A564B1E"
"WhatsApp Image 2026-10-05 at 12.09.48 PM.jpeg","otros_0530.jpeg","otros","D076F932831428C66E9FCBAB72490CC9C4B8BBDC9309F56634F1D8D3F2217232"
"WhatsApp Image 2026-10-05 at 12.09.49 PM (1).jpeg","otros_0531.jpeg","otros","ED23D07FA30EC19294026349B3568F86663DDADD31D31C78B1E1736CBBBBEAB2"
"WhatsApp Image 2026-10-05 at 12.09.49 PM (2).jpeg","otros_0532.jpeg","otros","096EA48443FEEF5980555963E93A4B332417745164A7CB6B64C2098831BE9A0B"
"WhatsApp Image 2026-10-05 at 12.09.49 PM (3).jpeg","otros_0533.jpeg","otros","23D34CF432DB638D9EF097B3F7E085905B73EC26FF3F1A4B2B979E9FC73C88F5"
"WhatsApp Image 2026-10-05 at 12.09.49 PM (4).jpeg","otros_0534.jpeg","otros","92752A069B54474C68C9E812F16E0884D70910789206F91C35E89B9F0D43F921"
"WhatsApp Image 2026-10-05 at 12.09.49 PM.jpeg","otros_0535.jpeg","otros","5109B0C8096FE6B9C07ED71E9941AFFF35D2C9765B6211E2B368BD4CE8F7F99E"
"WhatsApp Image 2026-10-05 at 12.44.26 PM (1).jpeg","otros_0536.jpeg","otros","CBC1525C7E76D24BDD10FD07D82676C96D783259BA795D0F52BCFE1A9F483436"
"WhatsApp Image 2026-10-05 at 12.44.26 PM.jpeg","otros_0537.jpeg","otros","DEEAB1F32D2925DFFDE551ADC81B699F768812060488C2A23FFD436917157F09"
"WhatsApp Image 2026-10-05 at 12.44.27 PM.jpeg","otros_0538.jpeg","otros","0C34B47424DF0A27376468C06EE621A3765C315EBE4087DBB6870656C16052E9"
"WhatsApp Image 2026-10-05 at 12.44.38 PM.jpeg","otros_0539.jpeg","otros","1D9D9CBEBB07EF0421883176190EA79FDD81FDA3A8DB94FFE76CAA0980353668"
"WhatsApp Image 2026-10-05 at 12.44.39 PM (1).jpeg","otros_0540.jpeg","otros","19A015771DED99C4744B467FA1C8F4723ADDACC35147A226A06A972EBB11CC94"
"WhatsApp Image 2026-10-05 at 12.44.39 PM (2).jpeg","otros_0541.jpeg","otros","EB2466B36E48ABB1868AF407A16914EB26D5BC415149C00C8024A2AF25C4FFDE"
"WhatsApp Image 2026-10-05 at 12.44.39 PM (3).jpeg","otros_0542.jpeg","otros","BD4CFD05EA04AFD1075AE1A60F93E371B1D08293A65D376BEEAA0CF20FC5B0C5"
"WhatsApp Image 2026-10-05 at 12.44.39 PM (4).jpeg","otros_0543.jpeg","otros","22D890BA79FE1CDE65AD0B5BFEEC5A6B83A28A19DF0D8539A620D797887DDBE6"
"WhatsApp Image 2026-10-05 at 12.44.39 PM.jpeg","otros_0544.jpeg","otros","D8B29CC960F7A8E0C6C5F02F8AC2C259BDCBE5F7AC7BDEBC42DF02BD1282C26C"
"WhatsApp Image 2026-10-05 at 12.44.40 PM (1).jpeg","otros_0545.jpeg","otros","8F18714DEA0868588FB07E32F2BBAE8CC1D6D88D337044F64BE304CBE1BAFB39"
"WhatsApp Image 2026-10-05 at 12.44.40 PM (2).jpeg","otros_0546.jpeg","otros","211938F873B56531793B548927F96B04C987B1E44A7120BF618F93C2420E41AD"
"WhatsApp Image 2026-10-05 at 12.44.40 PM (3).jpeg","otros_0547.jpeg","otros","15DEF2527F4750CEBB9ADB074692E1E6C90A00C47FE6FBBB4EB9D7E1E8B0207E"
"WhatsApp Image 2026-10-05 at 12.44.40 PM (4).jpeg","otros_0548.jpeg","otros","1E4636E1584A1BDB2A9B84121144988AB75589D98F7A1269AF0FFFB59561F18D"
"WhatsApp Image 2026-10-05 at 12.44.40 PM.jpeg","otros_0549.jpeg","otros","FD077ED41B69E04D6EB037233AF621E53547D5C3A8B645D30F1F6F593586411D"
"WhatsApp Image 2026-10-05 at 12.44.41 PM (1).jpeg","otros_0550.jpeg","otros","C3C7051C53F5DD2623445630D4A920B3AE3F6DB6E7F3395E1A29D7762225FC68"
"WhatsApp Image 2026-10-05 at 12.44.41 PM (2).jpeg","otros_0551.jpeg","otros","01D72C0AA7E1DD7C22EB8AE3A61FBFFAE2EA65592149899BFD1905EF4C431C68"
"WhatsApp Image 2026-10-05 at 12.44.41 PM (3).jpeg","otros_0552.jpeg","otros","57926565709CE7E7C41CDA6C1FAF50B0E647FF87B2FE7F042C22B91D48B0C056"
"WhatsApp Image 2026-10-05 at 12.44.41 PM (4).jpeg","otros_0553.jpeg","otros","8962A2F6B0B88A9584BEE37C10D8FC68B3AAEF664988A40BD8BB718C5C58B760"
"WhatsApp Image 2026-10-05 at 12.44.41 PM.jpeg","otros_0554.jpeg","otros","5FF75B18DAE1C1582F8D25B9A7B8F4D983D1D478D38BED66B2785CCBA0145D5A"
"WhatsApp Image 2026-10-05 at 12.44.42 PM.jpeg","otros_0555.jpeg","otros","B6F27A6DE2178D584CC2ADA6BDB49B6E3298803DA6294A658391B5F3A996C038"
