archivo,original,clase,conjunto,tanda
data/train/ok/ok_0019.jpg,ok_0019.jpeg,ok,train,ok_tanda01
data/train/ok/ok_0020.jpg,ok_0020.jpeg,ok,train,ok_tanda01
data/train/ok/ok_0021.jpg,ok_0021.jpeg,ok,train,ok_tanda01
data/train/ok/ok_0022.jpg,ok_0022.jpeg,ok,train,ok_tanda01
data/train/ok/ok_0023.jpg,ok_0023.jpeg,ok,train,ok_tanda01
data/train/ok/ok_0024.jpg,ok_0024.jpeg,ok,train,ok_tanda01
data/train/ok/ok_0025.jpg,ok_0025.jpeg,ok,train,ok_tanda01
data/train/ok/ok_0026.jpg,ok_0026.jpeg,ok,train,ok_tanda01
data/train/ok/ok_0027.jpg,ok_0027.jpeg,ok,train,ok_tanda01
data/train/ok/ok_0028.jpg,ok_0028.jpeg,ok,train,ok_tanda01
data/train/ok/ok_0029.jpg,ok_0029.jpeg,ok,train,ok_tanda01
data/train/ok/ok_0030.jpg,ok_0030.jpeg,ok,train,ok_tanda01
data/train/ok/ok_0031.jpg,ok_0031.jpeg,ok,train,ok_tanda01
data/train/ok/ok_0032.jpg,ok_0032.jpeg,ok,train,ok_tanda01
data/train/ok/ok_0034.jpg,ok_0034.jpeg,ok,train,ok_tanda02
data/train/ok/ok_0055.jpg,ok_0055.jpeg,ok,train,ok_tanda03
data/train/ok/ok_0056.jpg,ok_0056.jpeg,ok,train,ok_tanda03
data/train/ok/ok_0057.jpg,ok_0057.jpeg,ok,train,ok_tanda03
data/train/ok/ok_0058.jpg,ok_0058.jpeg,ok,train,ok_tanda03
data/train/ok/ok_0059.jpg,ok_0059.jpeg,ok,train,ok_tanda03
data/train/ok/ok_0060.jpg,ok_0060.jpeg,ok,train,ok_tanda03
data/train/ok/ok_0061.jpg,ok_0061.jpeg,ok,train,ok_tanda03
data/train/ok/ok_0072.jpg,ok_0072.jpeg,ok,train,ok_tanda04
data/train/ok/ok_0073.jpg,ok_0073.jpeg,ok,train,ok_tanda04
data/train/ok/ok_0074.jpg,ok_0074.jpeg,ok,train,ok_tanda04
data/train/ok/ok_0075.jpg,ok_0075.jpeg,ok,train,ok_tanda04
data/train/ok/ok_0076.jpg,ok_0076.jpeg,ok,train,ok_tanda04
data/train/ok/ok_0077.jpg,ok_0077.jpeg,ok,train,ok_tanda04
data/train/ok/ok_0078.jpg,ok_0078.jpeg,ok,train,ok_tanda04
data/train/ok/ok_0081.jpg,ok_0081.jpeg,ok,train,ok_tanda05
data/test/ok/ok_0095.jpg,ok_0095.jpeg,ok,test,ok_tanda06
data/test/ok/ok_0096.jpg,ok_0096.jpeg,ok,test,ok_tanda06
data/test/ok/ok_0098.jpg,ok_0098.jpeg,ok,test,ok_tanda07
data/train/ok/ok_0112.jpg,ok_0112.jpeg,ok,train,ok_tanda08
data/train/ok/ok_0113.jpg,ok_0113.jpeg,ok,train,ok_tanda08
data/train/ok/ok_0114.jpg,ok_0114.jpeg,ok,train,ok_tanda08
data/train/ok/ok_0115.jpg,ok_0115.jpeg,ok,train,ok_tanda08
data/train/ok/ok_0116.jpg,ok_0116.jpeg,ok,train,ok_tanda08
data/train/ok/ok_0117.jpg,ok_0117.jpeg,ok,train,ok_tanda08
data/train/ok/ok_0118.jpg,ok_0118.jpeg,ok,train,ok_tanda08
data/train/ok/ok_0119.jpg,ok_0119.jpeg,ok,train,ok_tanda08
data/train/ok/ok_0120.jpg,ok_0120.jpeg,ok,train,ok_tanda08
data/train/ok/ok_0157.jpg,ok_0157.jpeg,ok,train,ok_tanda09
data/train/ok/ok_0158.jpg,ok_0158.jpeg,ok,train,ok_tanda09
data/train/ok/ok_0161.jpg,ok_0161.jpeg,ok,train,ok_tanda10
data/test/ok/ok_0164.jpg,ok_0164.jpeg,ok,test,ok_tanda11
data/test/ok/ok_0191.jpg,ok_0191.jpeg,ok,test,ok_tanda12
data/test/ok/ok_0193.jpg,ok_0193.jpeg,ok,test,ok_tanda13
data/train/ok/ok_0197.jpg,ok_0197.jpeg,ok,train,ok_tanda14
data/test/ok/ok_0199.jpg,ok_0199.jpeg,ok,test,ok_tanda15
data/test/ok/ok_0200.jpg,ok_0200.jpeg,ok,test,ok_tanda15
data/test/ok/ok_0201.jpg,ok_0201.jpeg,ok,test,ok_tanda15
data/test/ok/ok_0203.jpg,ok_0203.jpeg,ok,test,ok_tanda16
data/train/ok/ok_0205.jpg,ok_0205.jpeg,ok,train,ok_tanda17
data/train/ok/ok_0215.jpg,ok_0215.jpeg,ok,train,ok_tanda18
data/train/ok/ok_0217.jpg,ok_0217.jpeg,ok,train,ok_tanda19
data/test/ok/ok_0219.jpg,ok_0219.jpeg,ok,test,ok_tanda20
data/train/ok/ok_0221.jpg,ok_0221.jpeg,ok,train,ok_tanda21
data/train/ok/ok_0223.jpg,ok_0223.jpeg,ok,train,ok_tanda22
data/train/ok/ok_0225.jpg,ok_0225.jpeg,ok,train,ok_tanda23
data/train/ok/ok_0237.jpg,ok_0237.jpeg,ok,train,ok_tanda24
data/test/ok/ok_0241.jpg,ok_0241.jpeg,ok,test,ok_tanda25
data/test/ok/ok_0242.jpg,ok_0242.jpeg,ok,test,ok_tanda25
data/train/ok/ok_0245.jpg,ok_0245.jpeg,ok,train,ok_tanda26
data/train/ok/ok_0247.jpg,ok_0247.jpeg,ok,train,ok_tanda27
data/test/ok/ok_0249.jpg,ok_0249.jpeg,ok,test,ok_tanda28
data/train/ok/ok_0253.jpg,ok_0253.jpeg,ok,train,ok_tanda29
data/train/ok/ok_0257.jpg,ok_0257.jpeg,ok,train,ok_tanda30
data/train/ok/ok_0261.jpg,ok_0261.jpeg,ok,train,ok_tanda31
data/train/otros/otros_0013.jpg,otros_0013.jpeg,otros,train,otros_tanda01
data/train/otros/otros_0071.jpg,otros_0071.jpeg,otros,train,otros_tanda02
data/test/otros/otros_0105.jpg,otros_0105.jpeg,otros,test,otros_tanda03
data/train/otros/otros_0109.jpg,otros_0109.jpeg,otros,train,otros_tanda04
data/train/otros/otros_0167.jpg,otros_0167.jpeg,otros,train,otros_tanda05
data/train/otros/otros_0169.jpg,otros_0169.jpeg,otros,train,otros_tanda06
data/train/otros/otros_0170.jpg,otros_0170.jpeg,otros,train,otros_tanda06
data/train/otros/otros_0171.jpg,otros_0171.jpeg,otros,train,otros_tanda06
data/train/otros/otros_0172.jpg,otros_0172.jpeg,otros,train,otros_tanda06
data/train/otros/otros_0173.jpg,otros_0173.jpeg,otros,train,otros_tanda06
data/test/otros/otros_0175.jpg,otros_0175.jpeg,otros,test,otros_tanda07
data/test/otros/otros_0177.jpg,otros_0177.jpeg,otros,test,otros_tanda08
data/train/otros/otros_0180.jpg,otros_0180.jpeg,otros,train,otros_tanda09
data/train/otros/otros_0181.jpg,otros_0181.jpeg,otros,train,otros_tanda09
data/test/otros/otros_0189.jpg,otros_0189.jpeg,otros,test,otros_tanda10
data/test/otros/otros_0190.jpg,otros_0190.jpeg,otros,test,otros_tanda10
data/train/otros/otros_0202.jpg,otros_0202.jpeg,otros,train,otros_tanda11
data/train/otros/otros_0208.jpg,otros_0208.jpeg,otros,train,otros_tanda12
data/train/otros/otros_0213.jpg,otros_0213.jpeg,otros,train,otros_tanda13
data/train/otros/otros_0214.jpg,otros_0214.jpeg,otros,train,otros_tanda13
data/train/otros/otros_0218.jpg,otros_0218.jpeg,otros,train,otros_tanda14
data/test/otros/otros_0226.jpg,otros_0226.jpeg,otros,test,otros_tanda15
data/test/otros/otros_0227.jpg,otros_0227.jpeg,otros,test,otros_tanda15
data/test/otros/otros_0229.jpg,otros_0229.jpeg,otros,test,otros_tanda16
data/test/otros/otros_0232.jpg,otros_0232.jpeg,otros,test,otros_tanda17
data/test/otros/otros_0264.jpg,otros_0264.jpeg,otros,test,otros_tanda18
data/train/otros/otros_0272.jpg,otros_0272.jpeg,otros,train,otros_tanda19
data/train/otros/otros_0508.jpg,otros_0508.jpeg,otros,train,otros_tanda20
data/train/otros/otros_0509.jpg,otros_0509.jpeg,otros,train,otros_tanda20
data/train/otros/otros_0510.jpg,otros_0510.jpeg,otros,train,otros_tanda20
data/train/otros/otros_0511.jpg,otros_0511.jpeg,otros,train,otros_tanda20
data/train/otros/otros_0512.jpg,otros_0512.jpeg,otros,train,otros_tanda20
data/train/otros/otros_0513.jpg,otros_0513.jpeg,otros,train,otros_tanda20
data/train/otros/otros_0514.jpg,otros_0514.jpeg,otros,train,otros_tanda20
data/train/otros/otros_0515.jpg,otros_0515.jpeg,otros,train,otros_tanda20
data/train/otros/otros_0516.jpg,otros_0516.jpeg,otros,train,otros_tanda20
data/train/otros/otros_0517.jpg,otros_0517.jpeg,otros,train,otros_tanda20
data/train/otros/otros_0518.jpg,otros_0518.jpeg,otros,train,otros_tanda20
data/train/otros/otros_0519.jpg,otros_0519.jpeg,otros,train,otros_tanda20
data/train/otros/otros_0520.jpg,otros_0520.jpeg,otros,train,otros_tanda20
data/train/otros/otros_0521.jpg,otros_0521.jpeg,otros,train,otros_tanda20
data/train/otros/otros_0522.jpg,otros_0522.jpeg,otros,train,otros_tanda20
data/test/otros/otros_0523.jpg,otros_0523.jpeg,otros,test,otros_tanda21
data/test/otros/otros_0524.jpg,otros_0524.jpeg,otros,test,otros_tanda21
data/test/otros/otros_0525.jpg,otros_0525.jpeg,otros,test,otros_tanda21
data/test/otros/otros_0526.jpg,otros_0526.jpeg,otros,test,otros_tanda21
data/test/otros/otros_0527.jpg,otros_0527.jpeg,otros,test,otros_tanda21
data/train/otros/otros_0529.jpg,otros_0529.jpeg,otros,train,otros_tanda22
data/train/otros/otros_0530.jpg,otros_0530.jpeg,otros,train,otros_tanda22
data/train/otros/otros_0531.jpg,otros_0531.jpeg,otros,train,otros_tanda22
data/train/otros/otros_0532.jpg,otros_0532.jpeg,otros,train,otros_tanda22
data/train/otros/otros_0533.jpg,otros_0533.jpeg,otros,train,otros_tanda22
data/train/otros/otros_0534.jpg,otros_0534.jpeg,otros,train,otros_tanda22
data/train/otros/otros_0535.jpg,otros_0535.jpeg,otros,train,otros_tanda22
data/train/otros/otros_0536.jpg,otros_0536.jpeg,otros,train,otros_tanda22
data/train/otros/otros_0537.jpg,otros_0537.jpeg,otros,train,otros_tanda22
data/train/otros/otros_0538.jpg,otros_0538.jpeg,otros,train,otros_tanda22
data/train/otros/otros_0539.jpg,otros_0539.jpeg,otros,train,otros_tanda22
data/train/otros/otros_0540.jpg,otros_0540.jpeg,otros,train,otros_tanda22
data/train/otros/otros_0541.jpg,otros_0541.jpeg,otros,train,otros_tanda22
data/train/otros/otros_0542.jpg,otros_0542.jpeg,otros,train,otros_tanda22
data/train/otros/otros_0543.jpg,otros_0543.jpeg,otros,train,otros_tanda22
data/train/otros/otros_0544.jpg,otros_0544.jpeg,otros,train,otros_tanda23
data/train/otros/otros_0545.jpg,otros_0545.jpeg,otros,train,otros_tanda23
data/train/otros/otros_0546.jpg,otros_0546.jpeg,otros,train,otros_tanda23
data/train/otros/otros_0547.jpg,otros_0547.jpeg,otros,train,otros_tanda23
data/train/otros/otros_0548.jpg,otros_0548.jpeg,otros,train,otros_tanda23
data/train/otros/otros_0549.jpg,otros_0549.jpeg,otros,train,otros_tanda23
data/train/otros/otros_0550.jpg,otros_0550.jpeg,otros,train,otros_tanda23
data/train/otros/otros_0551.jpg,otros_0551.jpeg,otros,train,otros_tanda23
data/train/otros/otros_0552.jpg,otros_0552.jpeg,otros,train,otros_tanda23
data/train/otros/otros_0553.jpg,otros_0553.jpeg,otros,train,otros_tanda23
data/train/otros/otros_0554.jpg,otros_0554.jpeg,otros,train,otros_tanda23
data/train/otros/otros_0555.jpg,otros_0555.jpeg,otros,train,otros_tanda23
data/test/paz/paz_0014.jpg,paz_0014.jpeg,paz,test,paz_tanda01
data/test/paz/paz_0015.jpg,paz_0015.jpeg,paz,test,paz_tanda01
data/test/paz/paz_0016.jpg,paz_0016.jpeg,paz,test,paz_tanda01
data/test/paz/paz_0017.jpg,paz_0017.jpeg,paz,test,paz_tanda01
data/test/paz/paz_0018.jpg,paz_0018.jpeg,paz,test,paz_tanda01
data/test/paz/paz_0041.jpg,paz_0041.jpeg,paz,test,paz_tanda02
data/test/paz/paz_0042.jpg,paz_0042.jpeg,paz,test,paz_tanda02
data/test/paz/paz_0043.jpg,paz_0043.jpeg,paz,test,paz_tanda02
data/test/paz/paz_0044.jpg,paz_0044.jpeg,paz,test,paz_tanda02
data/train/paz/paz_0063.jpg,paz_0063.jpeg,paz,train,paz_tanda03
data/train/paz/paz_0066.jpg,paz_0066.jpeg,paz,train,paz_tanda04
data/train/paz/paz_0083.jpg,paz_0083.jpeg,paz,train,paz_tanda05
data/train/paz/paz_0084.jpg,paz_0084.jpeg,paz,train,paz_tanda05
data/train/paz/paz_0087.jpg,paz_0087.jpeg,paz,train,paz_tanda06
data/train/paz/paz_0088.jpg,paz_0088.jpeg,paz,train,paz_tanda06
data/train/paz/paz_0089.jpg,paz_0089.jpeg,paz,train,paz_tanda06
data/train/paz/paz_0090.jpg,paz_0090.jpeg,paz,train,paz_tanda06
data/train/paz/paz_0099.jpg,paz_0099.jpeg,paz,train,paz_tanda07
data/train/paz/paz_0101.jpg,paz_0101.jpeg,paz,train,paz_tanda08
data/train/paz/paz_0102.jpg,paz_0102.jpeg,paz,train,paz_tanda08
data/train/paz/paz_0106.jpg,paz_0106.jpeg,paz,train,paz_tanda09
data/train/paz/paz_0107.jpg,paz_0107.jpeg,paz,train,paz_tanda09
data/train/paz/paz_0121.jpg,paz_0121.jpeg,paz,train,paz_tanda10
data/train/paz/paz_0122.jpg,paz_0122.jpeg,paz,train,paz_tanda10
data/train/paz/paz_0123.jpg,paz_0123.jpeg,paz,train,paz_tanda10
data/train/paz/paz_0124.jpg,paz_0124.jpeg,paz,train,paz_tanda10
data/train/paz/paz_0125.jpg,paz_0125.jpeg,paz,train,paz_tanda10
data/train/paz/paz_0126.jpg,paz_0126.jpeg,paz,train,paz_tanda10
data/train/paz/paz_0137.jpg,paz_0137.jpeg,paz,train,paz_tanda11
data/train/paz/paz_0140.jpg,paz_0140.jpeg,paz,train,paz_tanda12
data/train/paz/paz_0142.jpg,paz_0142.jpeg,paz,train,paz_tanda13
data/train/paz/paz_0144.jpg,paz_0144.jpeg,paz,train,paz_tanda14
data/train/paz/paz_0148.jpg,paz_0148.jpeg,paz,train,paz_tanda15
data/train/paz/paz_0149.jpg,paz_0149.jpeg,paz,train,paz_tanda15
data/test/paz/paz_0159.jpg,paz_0159.jpeg,paz,test,paz_tanda16
data/test/paz/paz_0160.jpg,paz_0160.jpeg,paz,test,paz_tanda16
data/test/paz/paz_0166.jpg,paz_0166.jpeg,paz,test,paz_tanda17
data/train/paz/paz_0207.jpg,paz_0207.jpeg,paz,train,paz_tanda18
data/train/paz/paz_0209.jpg,paz_0209.jpeg,paz,train,paz_tanda19
data/test/paz/paz_0228.jpg,paz_0228.jpeg,paz,test,paz_tanda20
data/train/paz/paz_0230.jpg,paz_0230.jpeg,paz,train,paz_tanda21
data/train/paz/paz_0233.jpg,paz_0233.jpeg,paz,train,paz_tanda22
data/train/paz/paz_0234.jpg,paz_0234.jpeg,paz,train,paz_tanda22
data/test/paz/paz_0236.jpg,paz_0236.jpeg,paz,test,paz_tanda23
data/train/paz/paz_0238.jpg,paz_0238.jpeg,paz,train,paz_tanda24
data/train/paz/paz_0240.jpg,paz_0240.jpeg,paz,train,paz_tanda25
data/test/paz/paz_0243.jpg,paz_0243.jpeg,paz,test,paz_tanda26
data/test/paz/paz_0244.jpg,paz_0244.jpeg,paz,test,paz_tanda26
data/test/paz/paz_0246.jpg,paz_0246.jpeg,paz,test,paz_tanda27
data/train/paz/paz_0248.jpg,paz_0248.jpeg,paz,train,paz_tanda28
data/test/paz/paz_0250.jpg,paz_0250.jpeg,paz,test,paz_tanda29
data/test/paz/paz_0378.jpg,paz_0378.jpeg,paz,test,paz_tanda30
data/test/paz/paz_0380.jpg,paz_0380.jpeg,paz,test,paz_tanda31
data/test/paz/paz_0381.jpg,paz_0381.jpeg,paz,test,paz_tanda31
data/train/paz/paz_0383.jpg,paz_0383.jpeg,paz,train,paz_tanda32
data/train/paz/paz_0384.jpg,paz_0384.jpeg,paz,train,paz_tanda32
data/train/paz/paz_0385.jpg,paz_0385.jpeg,paz,train,paz_tanda32
data/train/paz/paz_0386.jpg,paz_0386.jpeg,paz,train,paz_tanda32
data/train/paz/paz_0387.jpg,paz_0387.jpeg,paz,train,paz_tanda32
data/train/paz/paz_0388.jpg,paz_0388.jpeg,paz,train,paz_tanda32
data/train/paz/paz_0389.jpg,paz_0389.jpeg,paz,train,paz_tanda32
data/train/paz/paz_0390.jpg,paz_0390.jpeg,paz,train,paz_tanda32
data/train/paz/paz_0391.jpg,paz_0391.jpeg,paz,train,paz_tanda32
data/train/paz/paz_0392.jpg,paz_0392.jpeg,paz,train,paz_tanda32
data/train/paz/paz_0393.jpg,paz_0393.jpeg,paz,train,paz_tanda32
data/train/paz/paz_0394.jpg,paz_0394.jpeg,paz,train,paz_tanda32
data/train/paz/paz_0395.jpg,paz_0395.jpeg,paz,train,paz_tanda32
data/train/paz/paz_0396.jpg,paz_0396.jpeg,paz,train,paz_tanda32
data/train/paz/paz_0397.jpg,paz_0397.jpeg,paz,train,paz_tanda32
data/train/paz/paz_0398.jpg,paz_0398.jpeg,paz,train,paz_tanda33
data/train/paz/paz_0399.jpg,paz_0399.jpeg,paz,train,paz_tanda33
data/train/paz/paz_0400.jpg,paz_0400.jpeg,paz,train,paz_tanda33
data/train/paz/paz_0401.jpg,paz_0401.jpeg,paz,train,paz_tanda33
data/train/paz/paz_0402.jpg,paz_0402.jpeg,paz,train,paz_tanda33
data/train/paz/paz_0403.jpg,paz_0403.jpeg,paz,train,paz_tanda33
data/train/paz/paz_0404.jpg,paz_0404.jpeg,paz,train,paz_tanda33
data/train/paz/paz_0405.jpg,paz_0405.jpeg,paz,train,paz_tanda33
data/train/paz/paz_0406.jpg,paz_0406.jpeg,paz,train,paz_tanda33
data/train/paz/paz_0407.jpg,paz_0407.jpeg,paz,train,paz_tanda33
data/train/paz/paz_0408.jpg,paz_0408.jpeg,paz,train,paz_tanda33
data/train/paz/paz_0409.jpg,paz_0409.jpeg,paz,train,paz_tanda33
data/train/paz/paz_0410.jpg,paz_0410.jpeg,paz,train,paz_tanda33
data/train/paz/paz_0411.jpg,paz_0411.jpeg,paz,train,paz_tanda33
data/train/paz/paz_0412.jpg,paz_0412.jpeg,paz,train,paz_tanda33
data/test/paz/paz_0413.jpg,paz_0413.jpeg,paz,test,paz_tanda34
data/test/paz/paz_0414.jpg,paz_0414.jpeg,paz,test,paz_tanda34
data/test/paz/paz_0415.jpg,paz_0415.jpeg,paz,test,paz_tanda34
data/test/paz/paz_0416.jpg,paz_0416.jpeg,paz,test,paz_tanda34
data/test/paz/paz_0417.jpg,paz_0417.jpeg,paz,test,paz_tanda34
data/test/paz/paz_0418.jpg,paz_0418.jpeg,paz,test,paz_tanda34
data/test/paz/paz_0419.jpg,paz_0419.jpeg,paz,test,paz_tanda34
data/test/paz/paz_0420.jpg,paz_0420.jpeg,paz,test,paz_tanda34
data/test/paz/paz_0421.jpg,paz_0421.jpeg,paz,test,paz_tanda34
data/test/paz/paz_0422.jpg,paz_0422.jpeg,paz,test,paz_tanda34
data/test/paz/paz_0423.jpg,paz_0423.jpeg,paz,test,paz_tanda34
data/test/paz/paz_0424.jpg,paz_0424.jpeg,paz,test,paz_tanda34
data/test/paz/paz_0425.jpg,paz_0425.jpeg,paz,test,paz_tanda34
data/test/paz/paz_0426.jpg,paz_0426.jpeg,paz,test,paz_tanda34
data/test/paz/paz_0427.jpg,paz_0427.jpeg,paz,test,paz_tanda34
data/train/paz/paz_0428.jpg,paz_0428.jpeg,paz,train,paz_tanda35
data/train/paz/paz_0429.jpg,paz_0429.jpeg,paz,train,paz_tanda35
data/train/paz/paz_0430.jpg,paz_0430.jpeg,paz,train,paz_tanda35
data/train/paz/paz_0431.jpg,paz_0431.jpeg,paz,train,paz_tanda35
data/train/paz/paz_0432.jpg,paz_0432.jpeg,paz,train,paz_tanda35
data/train/paz/paz_0433.jpg,paz_0433.jpeg,paz,train,paz_tanda35
data/train/paz/paz_0434.jpg,paz_0434.jpeg,paz,train,paz_tanda35
data/train/paz/paz_0435.jpg,paz_0435.jpeg,paz,train,paz_tanda35
data/train/paz/paz_0436.jpg,paz_0436.jpeg,paz,train,paz_tanda35
data/train/paz/paz_0437.jpg,paz_0437.jpeg,paz,train,paz_tanda35
data/train/paz/paz_0438.jpg,paz_0438.jpeg,paz,train,paz_tanda35
data/train/paz/paz_0439.jpg,paz_0439.jpeg,paz,train,paz_tanda35
data/train/paz/paz_0440.jpg,paz_0440.jpeg,paz,train,paz_tanda35
data/train/paz/paz_0441.jpg,paz_0441.jpeg,paz,train,paz_tanda35
data/train/paz/paz_0442.jpg,paz_0442.jpeg,paz,train,paz_tanda35
data/train/paz/paz_0443.jpg,paz_0443.jpeg,paz,train,paz_tanda36
data/train/paz/paz_0444.jpg,paz_0444.jpeg,paz,train,paz_tanda36
data/train/paz/paz_0445.jpg,paz_0445.jpeg,paz,train,paz_tanda36
data/train/paz/paz_0446.jpg,paz_0446.jpeg,paz,train,paz_tanda36
data/train/paz/paz_0447.jpg,paz_0447.jpeg,paz,train,paz_tanda36
data/train/paz/paz_0448.jpg,paz_0448.jpeg,paz,train,paz_tanda36
data/train/paz/paz_0449.jpg,paz_0449.jpeg,paz,train,paz_tanda36
data/train/paz/paz_0450.jpg,paz_0450.jpeg,paz,train,paz_tanda36
data/train/paz/paz_0451.jpg,paz_0451.jpeg,paz,train,paz_tanda36
data/train/paz/paz_0452.jpg,paz_0452.jpeg,paz,train,paz_tanda36
data/train/paz/paz_0453.jpg,paz_0453.jpeg,paz,train,paz_tanda36
data/train/paz/paz_0454.jpg,paz_0454.jpeg,paz,train,paz_tanda36
data/train/paz/paz_0455.jpg,paz_0455.jpeg,paz,train,paz_tanda36
data/train/paz/paz_0456.jpg,paz_0456.jpeg,paz,train,paz_tanda36
data/train/paz/paz_0457.jpg,paz_0457.jpeg,paz,train,paz_tanda36
data/train/paz/paz_0458.jpg,paz_0458.jpeg,paz,train,paz_tanda37
data/train/paz/paz_0459.jpg,paz_0459.jpeg,paz,train,paz_tanda37
data/train/paz/paz_0460.jpg,paz_0460.jpeg,paz,train,paz_tanda37
data/train/paz/paz_0462.jpg,paz_0462.jpeg,paz,train,paz_tanda38
data/train/paz/paz_0463.jpg,paz_0463.jpeg,paz,train,paz_tanda38
data/train/paz/paz_0465.jpg,paz_0465.jpeg,paz,train,paz_tanda39
data/train/paz/paz_0467.jpg,paz_0467.jpeg,paz,train,paz_tanda40
data/train/paz/paz_0468.jpg,paz_0468.jpeg,paz,train,paz_tanda40
data/train/paz/paz_0469.jpg,paz_0469.jpeg,paz,train,paz_tanda40
data/train/paz/paz_0470.jpg,paz_0470.jpeg,paz,train,paz_tanda40
data/train/paz/paz_0471.jpg,paz_0471.jpeg,paz,train,paz_tanda40
data/train/paz/paz_0472.jpg,paz_0472.jpeg,paz,train,paz_tanda40
data/train/paz/paz_0473.jpg,paz_0473.jpeg,paz,train,paz_tanda40
data/train/paz/paz_0474.jpg,paz_0474.jpeg,paz,train,paz_tanda40
data/train/paz/paz_0475.jpg,paz_0475.jpeg,paz,train,paz_tanda40
data/train/paz/paz_0476.jpg,paz_0476.jpeg,paz,train,paz_tanda40
data/train/paz/paz_0477.jpg,paz_0477.jpeg,paz,train,paz_tanda40
data/train/paz/paz_0478.jpg,paz_0478.jpeg,paz,train,paz_tanda40
data/train/paz/paz_0479.jpg,paz_0479.jpeg,paz,train,paz_tanda40
data/train/paz/paz_0480.jpg,paz_0480.jpeg,paz,train,paz_tanda40
data/train/paz/paz_0481.jpg,paz_0481.jpeg,paz,train,paz_tanda40
data/train/paz/paz_0482.jpg,paz_0482.jpeg,paz,train,paz_tanda41
data/train/paz/paz_0483.jpg,paz_0483.jpeg,paz,train,paz_tanda41
data/train/paz/paz_0484.jpg,paz_0484.jpeg,paz,train,paz_tanda41
data/train/paz/paz_0485.jpg,paz_0485.jpeg,paz,train,paz_tanda41
data/train/paz/paz_0486.jpg,paz_0486.jpeg,paz,train,paz_tanda41
data/train/paz/paz_0487.jpg,paz_0487.jpeg,paz,train,paz_tanda41
data/train/paz/paz_0488.jpg,paz_0488.jpeg,paz,train,paz_tanda41
data/train/paz/paz_0489.jpg,paz_0489.jpeg,paz,train,paz_tanda41
data/train/paz/paz_0490.jpg,paz_0490.jpeg,paz,train,paz_tanda41
data/train/paz/paz_0491.jpg,paz_0491.jpeg,paz,train,paz_tanda41
data/train/paz/paz_0492.jpg,paz_0492.jpeg,paz,train,paz_tanda41
data/train/paz/paz_0493.jpg,paz_0493.jpeg,paz,train,paz_tanda41
data/train/paz/paz_0494.jpg,paz_0494.jpeg,paz,train,paz_tanda41
data/train/paz/paz_0495.jpg,paz_0495.jpeg,paz,train,paz_tanda41
data/train/paz/paz_0496.jpg,paz_0496.jpeg,paz,train,paz_tanda41
data/train/paz/paz_0497.jpg,paz_0497.jpeg,paz,train,paz_tanda42
data/train/paz/paz_0498.jpg,paz_0498.jpeg,paz,train,paz_tanda42
data/train/paz/paz_0499.jpg,paz_0499.jpeg,paz,train,paz_tanda42
data/train/paz/paz_0500.jpg,paz_0500.jpeg,paz,train,paz_tanda42
data/train/paz/paz_0501.jpg,paz_0501.jpeg,paz,train,paz_tanda42
data/train/paz/paz_0502.jpg,paz_0502.jpeg,paz,train,paz_tanda42
data/train/paz/paz_0503.jpg,paz_0503.jpeg,paz,train,paz_tanda42
data/train/paz/paz_0504.jpg,paz_0504.jpeg,paz,train,paz_tanda42
data/train/paz/paz_0505.jpg,paz_0505.jpeg,paz,train,paz_tanda42
data/train/paz/paz_0506.jpg,paz_0506.jpeg,paz,train,paz_tanda42
data/train/paz/paz_0507.jpg,paz_0507.jpeg,paz,train,paz_tanda42
data/test/pulgar_arriba/pulgar_arriba_0001.jpg,pulgar_arriba_0001.jpeg,pulgar_arriba,test,pulgar_arriba_tanda01
data/test/pulgar_arriba/pulgar_arriba_0002.jpg,pulgar_arriba_0002.jpeg,pulgar_arriba,test,pulgar_arriba_tanda01
data/test/pulgar_arriba/pulgar_arriba_0003.jpg,pulgar_arriba_0003.jpeg,pulgar_arriba,test,pulgar_arriba_tanda01
data/test/pulgar_arriba/pulgar_arriba_0004.jpg,pulgar_arriba_0004.jpeg,pulgar_arriba,test,pulgar_arriba_tanda01
data/test/pulgar_arriba/pulgar_arriba_0005.jpg,pulgar_arriba_0005.jpeg,pulgar_arriba,test,pulgar_arriba_tanda01
data/test/pulgar_arriba/pulgar_arriba_0006.jpg,pulgar_arriba_0006.jpeg,pulgar_arriba,test,pulgar_arriba_tanda01
data/test/pulgar_arriba/pulgar_arriba_0007.jpg,pulgar_arriba_0007.jpeg,pulgar_arriba,test,pulgar_arriba_tanda01
data/test/pulgar_arriba/pulgar_arriba_0008.jpg,pulgar_arriba_0008.jpeg,pulgar_arriba,test,pulgar_arriba_tanda01
data/test/pulgar_arriba/pulgar_arriba_0009.jpg,pulgar_arriba_0009.jpeg,pulgar_arriba,test,pulgar_arriba_tanda01
data/test/pulgar_arriba/pulgar_arriba_0010.jpg,pulgar_arriba_0010.jpeg,pulgar_arriba,test,pulgar_arriba_tanda01
data/test/pulgar_arriba/pulgar_arriba_0011.jpg,pulgar_arriba_0011.jpeg,pulgar_arriba,test,pulgar_arriba_tanda01
data/test/pulgar_arriba/pulgar_arriba_0012.jpg,pulgar_arriba_0012.jpeg,pulgar_arriba,test,pulgar_arriba_tanda01
data/train/pulgar_arriba/pulgar_arriba_0045.jpg,pulgar_arriba_0045.jpeg,pulgar_arriba,train,pulgar_arriba_tanda02
data/train/pulgar_arriba/pulgar_arriba_0046.jpg,pulgar_arriba_0046.jpeg,pulgar_arriba,train,pulgar_arriba_tanda02
data/train/pulgar_arriba/pulgar_arriba_0047.jpg,pulgar_arriba_0047.jpeg,pulgar_arriba,train,pulgar_arriba_tanda02
data/train/pulgar_arriba/pulgar_arriba_0048.jpg,pulgar_arriba_0048.jpeg,pulgar_arriba,train,pulgar_arriba_tanda02
data/train/pulgar_arriba/pulgar_arriba_0049.jpg,pulgar_arriba_0049.jpeg,pulgar_arriba,train,pulgar_arriba_tanda02
data/train/pulgar_arriba/pulgar_arriba_0050.jpg,pulgar_arriba_0050.jpeg,pulgar_arriba,train,pulgar_arriba_tanda02
data/train/pulgar_arriba/pulgar_arriba_0051.jpg,pulgar_arriba_0051.jpeg,pulgar_arriba,train,pulgar_arriba_tanda02
data/train/pulgar_arriba/pulgar_arriba_0052.jpg,pulgar_arriba_0052.jpeg,pulgar_arriba,train,pulgar_arriba_tanda02
data/train/pulgar_arriba/pulgar_arriba_0053.jpg,pulgar_arriba_0053.jpeg,pulgar_arriba,train,pulgar_arriba_tanda02
data/train/pulgar_arriba/pulgar_arriba_0054.jpg,pulgar_arriba_0054.jpeg,pulgar_arriba,train,pulgar_arriba_tanda02
data/train/pulgar_arriba/pulgar_arriba_0067.jpg,pulgar_arriba_0067.jpeg,pulgar_arriba,train,pulgar_arriba_tanda03
data/train/pulgar_arriba/pulgar_arriba_0068.jpg,pulgar_arriba_0068.jpeg,pulgar_arriba,train,pulgar_arriba_tanda03
data/train/pulgar_arriba/pulgar_arriba_0069.jpg,pulgar_arriba_0069.jpeg,pulgar_arriba,train,pulgar_arriba_tanda03
data/train/pulgar_arriba/pulgar_arriba_0070.jpg,pulgar_arriba_0070.jpeg,pulgar_arriba,train,pulgar_arriba_tanda03
data/train/pulgar_arriba/pulgar_arriba_0091.jpg,pulgar_arriba_0091.jpeg,pulgar_arriba,train,pulgar_arriba_tanda04
data/train/pulgar_arriba/pulgar_arriba_0092.jpg,pulgar_arriba_0092.jpeg,pulgar_arriba,train,pulgar_arriba_tanda04
data/train/pulgar_arriba/pulgar_arriba_0093.jpg,pulgar_arriba_0093.jpeg,pulgar_arriba,train,pulgar_arriba_tanda04
data/train/pulgar_arriba/pulgar_arriba_0094.jpg,pulgar_arriba_0094.jpeg,pulgar_arriba,train,pulgar_arriba_tanda04
data/train/pulgar_arriba/pulgar_arriba_0097.jpg,pulgar_arriba_0097.jpeg,pulgar_arriba,train,pulgar_arriba_tanda05
data/test/pulgar_arriba/pulgar_arriba_0100.jpg,pulgar_arriba_0100.jpeg,pulgar_arriba,test,pulgar_arriba_tanda06
data/train/pulgar_arriba/pulgar_arriba_0104.jpg,pulgar_arriba_0104.jpeg,pulgar_arriba,train,pulgar_arriba_tanda07
data/test/pulgar_arriba/pulgar_arriba_0127.jpg,pulgar_arriba_0127.jpeg,pulgar_arriba,test,pulgar_arriba_tanda08
data/test/pulgar_arriba/pulgar_arriba_0128.jpg,pulgar_arriba_0128.jpeg,pulgar_arriba,test,pulgar_arriba_tanda08
data/test/pulgar_arriba/pulgar_arriba_0129.jpg,pulgar_arriba_0129.jpeg,pulgar_arriba,test,pulgar_arriba_tanda08
data/test/pulgar_arriba/pulgar_arriba_0130.jpg,pulgar_arriba_0130.jpeg,pulgar_arriba,test,pulgar_arriba_tanda08
data/train/pulgar_arriba/pulgar_arriba_0132.jpg,pulgar_arriba_0132.jpeg,pulgar_arriba,train,pulgar_arriba_tanda09
data/train/pulgar_arriba/pulgar_arriba_0133.jpg,pulgar_arriba_0133.jpeg,pulgar_arriba,train,pulgar_arriba_tanda09
data/test/pulgar_arriba/pulgar_arriba_0135.jpg,pulgar_arriba_0135.jpeg,pulgar_arriba,test,pulgar_arriba_tanda10
data/train/pulgar_arriba/pulgar_arriba_0146.jpg,pulgar_arriba_0146.jpeg,pulgar_arriba,train,pulgar_arriba_tanda11
data/train/pulgar_arriba/pulgar_arriba_0150.jpg,pulgar_arriba_0150.jpeg,pulgar_arriba,train,pulgar_arriba_tanda12
data/train/pulgar_arriba/pulgar_arriba_0151.jpg,pulgar_arriba_0151.jpeg,pulgar_arriba,train,pulgar_arriba_tanda12
data/train/pulgar_arriba/pulgar_arriba_0152.jpg,pulgar_arriba_0152.jpeg,pulgar_arriba,train,pulgar_arriba_tanda12
data/train/pulgar_arriba/pulgar_arriba_0154.jpg,pulgar_arriba_0154.jpeg,pulgar_arriba,train,pulgar_arriba_tanda13
data/train/pulgar_arriba/pulgar_arriba_0155.jpg,pulgar_arriba_0155.jpeg,pulgar_arriba,train,pulgar_arriba_tanda13
data/train/pulgar_arriba/pulgar_arriba_0156.jpg,pulgar_arriba_0156.jpeg,pulgar_arriba,train,pulgar_arriba_tanda13
data/test/pulgar_arriba/pulgar_arriba_0163.jpg,pulgar_arriba_0163.jpeg,pulgar_arriba,test,pulgar_arriba_tanda14
data/train/pulgar_arriba/pulgar_arriba_0165.jpg,pulgar_arriba_0165.jpeg,pulgar_arriba,train,pulgar_arriba_tanda15
data/train/pulgar_arriba/pulgar_arriba_0179.jpg,pulgar_arriba_0179.jpeg,pulgar_arriba,train,pulgar_arriba_tanda16
data/train/pulgar_arriba/pulgar_arriba_0192.jpg,pulgar_arriba_0192.jpeg,pulgar_arriba,train,pulgar_arriba_tanda17
data/train/pulgar_arriba/pulgar_arriba_0194.jpg,pulgar_arriba_0194.jpeg,pulgar_arriba,train,pulgar_arriba_tanda18
data/train/pulgar_arriba/pulgar_arriba_0198.jpg,pulgar_arriba_0198.jpeg,pulgar_arriba,train,pulgar_arriba_tanda19
data/train/pulgar_arriba/pulgar_arriba_0204.jpg,pulgar_arriba_0204.jpeg,pulgar_arriba,train,pulgar_arriba_tanda20
data/train/pulgar_arriba/pulgar_arriba_0210.jpg,pulgar_arriba_0210.jpeg,pulgar_arriba,train,pulgar_arriba_tanda21
data/train/pulgar_arriba/pulgar_arriba_0212.jpg,pulgar_arriba_0212.jpeg,pulgar_arriba,train,pulgar_arriba_tanda22
data/train/pulgar_arriba/pulgar_arriba_0216.jpg,pulgar_arriba_0216.jpeg,pulgar_arriba,train,pulgar_arriba_tanda23
data/train/pulgar_arriba/pulgar_arriba_0220.jpg,pulgar_arriba_0220.jpeg,pulgar_arriba,train,pulgar_arriba_tanda24
data/train/pulgar_arriba/pulgar_arriba_0222.jpg,pulgar_arriba_0222.jpeg,pulgar_arriba,train,pulgar_arriba_tanda25
data/train/pulgar_arriba/pulgar_arriba_0224.jpg,pulgar_arriba_0224.jpeg,pulgar_arriba,train,pulgar_arriba_tanda26
data/train/pulgar_arriba/pulgar_arriba_0231.jpg,pulgar_arriba_0231.jpeg,pulgar_arriba,train,pulgar_arriba_tanda27
data/train/pulgar_arriba/pulgar_arriba_0251.jpg,pulgar_arriba_0251.jpeg,pulgar_arriba,train,pulgar_arriba_tanda28
data/train/pulgar_arriba/pulgar_arriba_0252.jpg,pulgar_arriba_0252.jpeg,pulgar_arriba,train,pulgar_arriba_tanda28
data/train/pulgar_arriba/pulgar_arriba_0254.jpg,pulgar_arriba_0254.jpeg,pulgar_arriba,train,pulgar_arriba_tanda29
data/train/pulgar_arriba/pulgar_arriba_0256.jpg,pulgar_arriba_0256.jpeg,pulgar_arriba,train,pulgar_arriba_tanda30
data/train/pulgar_arriba/pulgar_arriba_0258.jpg,pulgar_arriba_0258.jpeg,pulgar_arriba,train,pulgar_arriba_tanda31
data/train/pulgar_arriba/pulgar_arriba_0259.jpg,pulgar_arriba_0259.jpeg,pulgar_arriba,train,pulgar_arriba_tanda31
data/train/pulgar_arriba/pulgar_arriba_0260.jpg,pulgar_arriba_0260.jpeg,pulgar_arriba,train,pulgar_arriba_tanda31
data/train/pulgar_arriba/pulgar_arriba_0262.jpg,pulgar_arriba_0262.jpeg,pulgar_arriba,train,pulgar_arriba_tanda32
data/train/pulgar_arriba/pulgar_arriba_0263.jpg,pulgar_arriba_0263.jpeg,pulgar_arriba,train,pulgar_arriba_tanda32
data/train/pulgar_arriba/pulgar_arriba_0265.jpg,pulgar_arriba_0265.jpeg,pulgar_arriba,train,pulgar_arriba_tanda33
data/train/pulgar_arriba/pulgar_arriba_0266.jpg,pulgar_arriba_0266.jpeg,pulgar_arriba,train,pulgar_arriba_tanda33
data/train/pulgar_arriba/pulgar_arriba_0267.jpg,pulgar_arriba_0267.jpeg,pulgar_arriba,train,pulgar_arriba_tanda33
data/train/pulgar_arriba/pulgar_arriba_0268.jpg,pulgar_arriba_0268.jpeg,pulgar_arriba,train,pulgar_arriba_tanda33
data/train/pulgar_arriba/pulgar_arriba_0269.jpg,pulgar_arriba_0269.jpeg,pulgar_arriba,train,pulgar_arriba_tanda33
data/train/pulgar_arriba/pulgar_arriba_0270.jpg,pulgar_arriba_0270.jpeg,pulgar_arriba,train,pulgar_arriba_tanda33
data/train/pulgar_arriba/pulgar_arriba_0271.jpg,pulgar_arriba_0271.jpeg,pulgar_arriba,train,pulgar_arriba_tanda33
data/train/pulgar_arriba/pulgar_arriba_0273.jpg,pulgar_arriba_0273.jpeg,pulgar_arriba,train,pulgar_arriba_tanda34
data/train/pulgar_arriba/pulgar_arriba_0274.jpg,pulgar_arriba_0274.jpeg,pulgar_arriba,train,pulgar_arriba_tanda34
data/train/pulgar_arriba/pulgar_arriba_0275.jpg,pulgar_arriba_0275.jpeg,pulgar_arriba,train,pulgar_arriba_tanda34
data/train/pulgar_arriba/pulgar_arriba_0276.jpg,pulgar_arriba_0276.jpeg,pulgar_arriba,train,pulgar_arriba_tanda34
data/train/pulgar_arriba/pulgar_arriba_0277.jpg,pulgar_arriba_0277.jpeg,pulgar_arriba,train,pulgar_arriba_tanda34
data/train/pulgar_arriba/pulgar_arriba_0278.jpg,pulgar_arriba_0278.jpeg,pulgar_arriba,train,pulgar_arriba_tanda34
data/train/pulgar_arriba/pulgar_arriba_0279.jpg,pulgar_arriba_0279.jpeg,pulgar_arriba,train,pulgar_arriba_tanda34
data/train/pulgar_arriba/pulgar_arriba_0280.jpg,pulgar_arriba_0280.jpeg,pulgar_arriba,train,pulgar_arriba_tanda34
data/train/pulgar_arriba/pulgar_arriba_0281.jpg,pulgar_arriba_0281.jpeg,pulgar_arriba,train,pulgar_arriba_tanda34
data/train/pulgar_arriba/pulgar_arriba_0282.jpg,pulgar_arriba_0282.jpeg,pulgar_arriba,train,pulgar_arriba_tanda34
data/train/pulgar_arriba/pulgar_arriba_0283.jpg,pulgar_arriba_0283.jpeg,pulgar_arriba,train,pulgar_arriba_tanda34
data/train/pulgar_arriba/pulgar_arriba_0284.jpg,pulgar_arriba_0284.jpeg,pulgar_arriba,train,pulgar_arriba_tanda34
data/train/pulgar_arriba/pulgar_arriba_0285.jpg,pulgar_arriba_0285.jpeg,pulgar_arriba,train,pulgar_arriba_tanda34
data/train/pulgar_arriba/pulgar_arriba_0286.jpg,pulgar_arriba_0286.jpeg,pulgar_arriba,train,pulgar_arriba_tanda34
data/train/pulgar_arriba/pulgar_arriba_0287.jpg,pulgar_arriba_0287.jpeg,pulgar_arriba,train,pulgar_arriba_tanda34
data/train/pulgar_arriba/pulgar_arriba_0288.jpg,pulgar_arriba_0288.jpeg,pulgar_arriba,train,pulgar_arriba_tanda35
data/train/pulgar_arriba/pulgar_arriba_0289.jpg,pulgar_arriba_0289.jpeg,pulgar_arriba,train,pulgar_arriba_tanda35
data/train/pulgar_arriba/pulgar_arriba_0290.jpg,pulgar_arriba_0290.jpeg,pulgar_arriba,train,pulgar_arriba_tanda35
data/train/stop/stop_0033.jpg,stop_0033.jpeg,stop,train,stop_tanda01
data/test/stop/stop_0035.jpg,stop_0035.jpeg,stop,test,stop_tanda02
data/test/stop/stop_0036.jpg,stop_0036.jpeg,stop,test,stop_tanda02
data/test/stop/stop_0037.jpg,stop_0037.jpeg,stop,test,stop_tanda02
data/test/stop/stop_0038.jpg,stop_0038.jpeg,stop,test,stop_tanda02
data/test/stop/stop_0039.jpg,stop_0039.jpeg,stop,test,stop_tanda02
data/test/stop/stop_0040.jpg,stop_0040.jpeg,stop,test,stop_tanda02
data/test/stop/stop_0062.jpg,stop_0062.jpeg,stop,test,stop_tanda03
data/train/stop/stop_0064.jpg,stop_0064.jpeg,stop,train,stop_tanda04
data/train/stop/stop_0065.jpg,stop_0065.jpeg,stop,train,stop_tanda04
data/train/stop/stop_0079.jpg,stop_0079.jpeg,stop,train,stop_tanda05
data/train/stop/stop_0080.jpg,stop_0080.jpeg,stop,train,stop_tanda05
data/test/stop/stop_0082.jpg,stop_0082.jpeg,stop,test,stop_tanda06
data/test/stop/stop_0085.jpg,stop_0085.jpeg,stop,test,stop_tanda07
data/test/stop/stop_0086.jpg,stop_0086.jpeg,stop,test,stop_tanda07
data/train/stop/stop_0103.jpg,stop_0103.jpeg,stop,train,stop_tanda08
data/train/stop/stop_0108.jpg,stop_0108.jpeg,stop,train,stop_tanda09
data/train/stop/stop_0110.jpg,stop_0110.jpeg,stop,train,stop_tanda10
data/train/stop/stop_0111.jpg,stop_0111.jpeg,stop,train,stop_tanda10
data/train/stop/stop_0131.jpg,stop_0131.jpeg,stop,train,stop_tanda11
data/test/stop/stop_0134.jpg,stop_0134.jpeg,stop,test,stop_tanda12
data/test/stop/stop_0136.jpg,stop_0136.jpeg,stop,test,stop_tanda13
data/test/stop/stop_0138.jpg,stop_0138.jpeg,stop,test,stop_tanda14
data/test/stop/stop_0139.jpg,stop_0139.jpeg,stop,test,stop_tanda14
data/test/stop/stop_0141.jpg,stop_0141.jpeg,stop,test,stop_tanda15
data/test/stop/stop_0143.jpg,stop_0143.jpeg,stop,test,stop_tanda16
data/train/stop/stop_0145.jpg,stop_0145.jpeg,stop,train,stop_tanda17
data/train/stop/stop_0147.jpg,stop_0147.jpeg,stop,train,stop_tanda18
data/test/stop/stop_0153.jpg,stop_0153.jpeg,stop,test,stop_tanda19
data/test/stop/stop_0162.jpg,stop_0162.jpeg,stop,test,stop_tanda20
data/test/stop/stop_0168.jpg,stop_0168.jpeg,stop,test,stop_tanda21
data/train/stop/stop_0174.jpg,stop_0174.jpeg,stop,train,stop_tanda22
data/test/stop/stop_0176.jpg,stop_0176.jpeg,stop,test,stop_tanda23
data/train/stop/stop_0178.jpg,stop_0178.jpeg,stop,train,stop_tanda24
data/train/stop/stop_0182.jpg,stop_0182.jpeg,stop,train,stop_tanda25
data/train/stop/stop_0183.jpg,stop_0183.jpeg,stop,train,stop_tanda25
data/train/stop/stop_0184.jpg,stop_0184.jpeg,stop,train,stop_tanda25
data/train/stop/stop_0185.jpg,stop_0185.jpeg,stop,train,stop_tanda25
data/train/stop/stop_0186.jpg,stop_0186.jpeg,stop,train,stop_tanda25
data/train/stop/stop_0187.jpg,stop_0187.jpeg,stop,train,stop_tanda25
data/train/stop/stop_0188.jpg,stop_0188.jpeg,stop,train,stop_tanda25
data/test/stop/stop_0195.jpg,stop_0195.jpeg,stop,test,stop_tanda26
data/test/stop/stop_0196.jpg,stop_0196.jpeg,stop,test,stop_tanda26
data/test/stop/stop_0206.jpg,stop_0206.jpeg,stop,test,stop_tanda27
data/train/stop/stop_0211.jpg,stop_0211.jpeg,stop,train,stop_tanda28
data/test/stop/stop_0235.jpg,stop_0235.jpeg,stop,test,stop_tanda29
data/train/stop/stop_0239.jpg,stop_0239.jpeg,stop,train,stop_tanda30
data/test/stop/stop_0255.jpg,stop_0255.jpeg,stop,test,stop_tanda31
data/train/stop/stop_0291.jpg,stop_0291.jpeg,stop,train,stop_tanda32
data/train/stop/stop_0292.jpg,stop_0292.jpeg,stop,train,stop_tanda32
data/train/stop/stop_0293.jpg,stop_0293.jpeg,stop,train,stop_tanda32
data/train/stop/stop_0294.jpg,stop_0294.jpeg,stop,train,stop_tanda32
data/train/stop/stop_0295.jpg,stop_0295.jpeg,stop,train,stop_tanda32
data/train/stop/stop_0296.jpg,stop_0296.jpeg,stop,train,stop_tanda32
data/train/stop/stop_0297.jpg,stop_0297.jpeg,stop,train,stop_tanda32
data/train/stop/stop_0298.jpg,stop_0298.jpeg,stop,train,stop_tanda32
data/train/stop/stop_0299.jpg,stop_0299.jpeg,stop,train,stop_tanda32
data/train/stop/stop_0300.jpg,stop_0300.jpeg,stop,train,stop_tanda32
data/train/stop/stop_0301.jpg,stop_0301.jpeg,stop,train,stop_tanda32
data/train/stop/stop_0302.jpg,stop_0302.jpeg,stop,train,stop_tanda32
data/train/stop/stop_0303.jpg,stop_0303.jpeg,stop,train,stop_tanda32
data/train/stop/stop_0304.jpg,stop_0304.jpeg,stop,train,stop_tanda32
data/train/stop/stop_0305.jpg,stop_0305.jpeg,stop,train,stop_tanda32
data/train/stop/stop_0306.jpg,stop_0306.jpeg,stop,train,stop_tanda33
data/train/stop/stop_0307.jpg,stop_0307.jpeg,stop,train,stop_tanda33
data/train/stop/stop_0308.jpg,stop_0308.jpeg,stop,train,stop_tanda33
data/train/stop/stop_0309.jpg,stop_0309.jpeg,stop,train,stop_tanda33
data/train/stop/stop_0310.jpg,stop_0310.jpeg,stop,train,stop_tanda33
data/train/stop/stop_0311.jpg,stop_0311.jpeg,stop,train,stop_tanda33
data/train/stop/stop_0312.jpg,stop_0312.jpeg,stop,train,stop_tanda33
data/train/stop/stop_0313.jpg,stop_0313.jpeg,stop,train,stop_tanda33
data/train/stop/stop_0314.jpg,stop_0314.jpeg,stop,train,stop_tanda33
data/train/stop/stop_0315.jpg,stop_0315.jpeg,stop,train,stop_tanda33
data/train/stop/stop_0316.jpg,stop_0316.jpeg,stop,train,stop_tanda33
data/train/stop/stop_0317.jpg,stop_0317.jpeg,stop,train,stop_tanda33
data/train/stop/stop_0318.jpg,stop_0318.jpeg,stop,train,stop_tanda33
data/train/stop/stop_0319.jpg,stop_0319.jpeg,stop,train,stop_tanda33
data/train/stop/stop_0320.jpg,stop_0320.jpeg,stop,train,stop_tanda33
data/train/stop/stop_0321.jpg,stop_0321.jpeg,stop,train,stop_tanda34
data/train/stop/stop_0322.jpg,stop_0322.jpeg,stop,train,stop_tanda34
data/train/stop/stop_0323.jpg,stop_0323.jpeg,stop,train,stop_tanda34
data/train/stop/stop_0324.jpg,stop_0324.jpeg,stop,train,stop_tanda34
data/train/stop/stop_0325.jpg,stop_0325.jpeg,stop,train,stop_tanda34
data/train/stop/stop_0326.jpg,stop_0326.jpeg,stop,train,stop_tanda34
data/train/stop/stop_0327.jpg,stop_0327.jpeg,stop,train,stop_tanda34
data/train/stop/stop_0328.jpg,stop_0328.jpeg,stop,train,stop_tanda34
data/train/stop/stop_0329.jpg,stop_0329.jpeg,stop,train,stop_tanda34
data/train/stop/stop_0330.jpg,stop_0330.jpeg,stop,train,stop_tanda34
data/train/stop/stop_0331.jpg,stop_0331.jpeg,stop,train,stop_tanda34
data/train/stop/stop_0332.jpg,stop_0332.jpeg,stop,train,stop_tanda34
data/train/stop/stop_0333.jpg,stop_0333.jpeg,stop,train,stop_tanda34
data/train/stop/stop_0334.jpg,stop_0334.jpeg,stop,train,stop_tanda34
data/train/stop/stop_0335.jpg,stop_0335.jpeg,stop,train,stop_tanda34
data/train/stop/stop_0336.jpg,stop_0336.jpeg,stop,train,stop_tanda35
data/train/stop/stop_0337.jpg,stop_0337.jpeg,stop,train,stop_tanda35
data/train/stop/stop_0338.jpg,stop_0338.jpeg,stop,train,stop_tanda35
data/train/stop/stop_0339.jpg,stop_0339.jpeg,stop,train,stop_tanda35
data/train/stop/stop_0340.jpg,stop_0340.jpeg,stop,train,stop_tanda35
data/train/stop/stop_0341.jpg,stop_0341.jpeg,stop,train,stop_tanda35
data/train/stop/stop_0342.jpg,stop_0342.jpeg,stop,train,stop_tanda35
data/train/stop/stop_0343.jpg,stop_0343.jpeg,stop,train,stop_tanda35
data/train/stop/stop_0344.jpg,stop_0344.jpeg,stop,train,stop_tanda35
data/train/stop/stop_0345.jpg,stop_0345.jpeg,stop,train,stop_tanda35
data/train/stop/stop_0346.jpg,stop_0346.jpeg,stop,train,stop_tanda35
data/train/stop/stop_0347.jpg,stop_0347.jpeg,stop,train,stop_tanda35
data/train/stop/stop_0348.jpg,stop_0348.jpeg,stop,train,stop_tanda35
data/train/stop/stop_0349.jpg,stop_0349.jpeg,stop,train,stop_tanda35
data/train/stop/stop_0350.jpg,stop_0350.jpeg,stop,train,stop_tanda35
data/train/stop/stop_0351.jpg,stop_0351.jpeg,stop,train,stop_tanda36
data/train/stop/stop_0352.jpg,stop_0352.jpeg,stop,train,stop_tanda36
data/train/stop/stop_0353.jpg,stop_0353.jpeg,stop,train,stop_tanda36
data/train/stop/stop_0354.jpg,stop_0354.jpeg,stop,train,stop_tanda36
data/train/stop/stop_0355.jpg,stop_0355.jpeg,stop,train,stop_tanda36
data/train/stop/stop_0356.jpg,stop_0356.jpeg,stop,train,stop_tanda36
data/train/stop/stop_0357.jpg,stop_0357.jpeg,stop,train,stop_tanda36
data/train/stop/stop_0358.jpg,stop_0358.jpeg,stop,train,stop_tanda36
data/train/stop/stop_0359.jpg,stop_0359.jpeg,stop,train,stop_tanda36
data/train/stop/stop_0360.jpg,stop_0360.jpeg,stop,train,stop_tanda36
data/train/stop/stop_0361.jpg,stop_0361.jpeg,stop,train,stop_tanda36
data/train/stop/stop_0362.jpg,stop_0362.jpeg,stop,train,stop_tanda36
data/train/stop/stop_0363.jpg,stop_0363.jpeg,stop,train,stop_tanda36
data/train/stop/stop_0364.jpg,stop_0364.jpeg,stop,train,stop_tanda36
data/train/stop/stop_0365.jpg,stop_0365.jpeg,stop,train,stop_tanda36
data/train/stop/stop_0366.jpg,stop_0366.jpeg,stop,train,stop_tanda37
data/train/stop/stop_0367.jpg,stop_0367.jpeg,stop,train,stop_tanda37
data/train/stop/stop_0368.jpg,stop_0368.jpeg,stop,train,stop_tanda37
data/train/stop/stop_0369.jpg,stop_0369.jpeg,stop,train,stop_tanda37
data/train/stop/stop_0370.jpg,stop_0370.jpeg,stop,train,stop_tanda37
data/train/stop/stop_0371.jpg,stop_0371.jpeg,stop,train,stop_tanda37
data/train/stop/stop_0372.jpg,stop_0372.jpeg,stop,train,stop_tanda37
data/train/stop/stop_0373.jpg,stop_0373.jpeg,stop,train,stop_tanda37
data/train/stop/stop_0374.jpg,stop_0374.jpeg,stop,train,stop_tanda37
data/train/stop/stop_0375.jpg,stop_0375.jpeg,stop,train,stop_tanda37
data/train/stop/stop_0376.jpg,stop_0376.jpeg,stop,train,stop_tanda37
data/train/stop/stop_0377.jpg,stop_0377.jpeg,stop,train,stop_tanda37
data/test/stop/stop_0379.jpg,stop_0379.jpeg,stop,test,stop_tanda38
data/test/stop/stop_0382.jpg,stop_0382.jpeg,stop,test,stop_tanda39
